paper,category,q_num,q_id,kind,subject,topic,topic_code,surviving_stem_first_120c,page_hint,source_pdf_relpath
IBPS-PO-Mains-2024-Memory-Based-Paper-1st-shift.json,Ibps,109,pyq_61004651a66b3fc1_p111,OPAQUE — empty stem; transcribe Q from PDF,UNCLASSIFIED,,GEN_UNC,,,Banks/IBPS PO/mains/IBPS-PO-Mains-2024-Memory-Based-Paper-1st-shift.pdf
IBPS-PO-Mains-2024-Memory-Based-Paper-1st-shift.json,Ibps,110,pyq_61004651a66b3fc1_p112,OPAQUE — empty stem; transcribe Q from PDF,QUANT,percentage,QNT_PCT,,,Banks/IBPS PO/mains/IBPS-PO-Mains-2024-Memory-Based-Paper-1st-shift.pdf
IBPS-PO-Mains-2025-Memory-Based-Paper-12-Oct-2025-English.json,Ibps,86,pyq_c6a47d2e64ee6f59_p1,OPAQUE — empty stem; transcribe Q from PDF,UNCLASSIFIED,,GEN_UNC,3a%,,Banks/IBPS PO/mains/IBPS-PO-Mains-2025-Memory-Based-Paper-12-Oct-2025-English.pdf
IBPS-PO-Mains-2025-Memory-Based-Paper-12-Oct-2025-English.json,Ibps,87,pyq_c6a47d2e64ee6f59_p2,OPAQUE — empty stem; transcribe Q from PDF,UNCLASSIFIED,,GEN_UNC,35%,,Banks/IBPS PO/mains/IBPS-PO-Mains-2025-Memory-Based-Paper-12-Oct-2025-English.pdf
IBPS-PO-Mains-2025-Memory-Based-Paper-12-Oct-2025-English.json,Ibps,88,pyq_c6a47d2e64ee6f59_p3,OPAQUE — empty stem; transcribe Q from PDF,UNCLASSIFIED,,GEN_UNC,50%,,Banks/IBPS PO/mains/IBPS-PO-Mains-2025-Memory-Based-Paper-12-Oct-2025-English.pdf
IBPS-PO-Pre-2025-Memory-Based-Paper-23-Aug-2025-2nd-shift.json,Ibps,85,pyq_87a51c78ccbc0348_p85,OPAQUE — empty stem; transcribe Q from PDF,UNCLASSIFIED,,GEN_UNC,,,Banks/IBPS PO/prelims/IBPS-PO-Pre-2025-Memory-Based-Paper-23-Aug-2025-2nd-shift.pdf
IBPS-PO-Pre-2025-Memory-Based-Paper-24-Aug-2025-1st-shift.json,Ibps,85,pyq_bf49bad72490554f_p85,OPAQUE — empty stem; transcribe Q from PDF,UNCLASSIFIED,,GEN_UNC,,,Banks/IBPS PO/prelims/IBPS-PO-Pre-2025-Memory-Based-Paper-24-Aug-2025-1st-shift.pdf
IBPS-PO-Pre-2025-Memory-Based-Paper-24-Aug-2025-1st-shift.json,Ibps,86,pyq_bf49bad72490554f_p86,OPAQUE — empty stem; transcribe Q from PDF,UNCLASSIFIED,,GEN_UNC,,,Banks/IBPS PO/prelims/IBPS-PO-Pre-2025-Memory-Based-Paper-24-Aug-2025-1st-shift.pdf
IBPS-PO-Pre-2025-Memory-Based-Paper-24-Aug-2025-1st-shift.json,Ibps,87,pyq_bf49bad72490554f_p87,OPAQUE — empty stem; transcribe Q from PDF,UNCLASSIFIED,,GEN_UNC,,,Banks/IBPS PO/prelims/IBPS-PO-Pre-2025-Memory-Based-Paper-24-Aug-2025-1st-shift.pdf
IBPS-PO-Pre-2025-Memory-Based-Paper-24-Aug-2025-1st-shift.json,Ibps,88,pyq_bf49bad72490554f_p88,OPAQUE — empty stem; transcribe Q from PDF,UNCLASSIFIED,,GEN_UNC,,,Banks/IBPS PO/prelims/IBPS-PO-Pre-2025-Memory-Based-Paper-24-Aug-2025-1st-shift.pdf
IBPS-PO-Pre-2025-Memory-Based-Paper-24-Aug-2025-1st-shift.json,Ibps,89,pyq_bf49bad72490554f_p89,OPAQUE — empty stem; transcribe Q from PDF,UNCLASSIFIED,,GEN_UNC,,,Banks/IBPS PO/prelims/IBPS-PO-Pre-2025-Memory-Based-Paper-24-Aug-2025-1st-shift.pdf
IBPS-PO-Pre-2025-Memory-Based-Paper-24-Aug-2025-1st-shift.json,Ibps,91,pyq_bf49bad72490554f_p91,OPAQUE — empty stem; transcribe Q from PDF,UNCLASSIFIED,,GEN_UNC,,,Banks/IBPS PO/prelims/IBPS-PO-Pre-2025-Memory-Based-Paper-24-Aug-2025-1st-shift.pdf
IBPS-PO-Pre-2025-Memory-Based-Paper-24-Aug-2025-1st-shift.json,Ibps,93,pyq_bf49bad72490554f_p93,OPAQUE — empty stem; transcribe Q from PDF,UNCLASSIFIED,,GEN_UNC,,,Banks/IBPS PO/prelims/IBPS-PO-Pre-2025-Memory-Based-Paper-24-Aug-2025-1st-shift.pdf
IBPS-PO-Pre-2025-Memory-Based-Paper-24-Aug-2025-1st-shift.json,Ibps,94,pyq_bf49bad72490554f_p94,OPAQUE — empty stem; transcribe Q from PDF,UNCLASSIFIED,,GEN_UNC,,,Banks/IBPS PO/prelims/IBPS-PO-Pre-2025-Memory-Based-Paper-24-Aug-2025-1st-shift.pdf
RRB_NTPC_2024_Under_Graduate_Level_CBT_2_Question_Paper_PDF_English_Dec_20_2025__77d9450a7034b3a06335018d372a5cbc.json,Rrb,11,pyq_7e3aac66a6bf628e_p11,OPAQUE — empty stem; transcribe Q from PDF,UNCLASSIFIED,,GEN_UNC,,,RRB/NTPC/CBT 2/RRB_NTPC_2024_Under_Graduate_Level_CBT_2_Question_Paper_PDF_English_Dec_20_2025__77d9450a7034b3a06335018d372a5cbc.pdf
RRB_NTPC_2024_Under_Graduate_Level_CBT_2_Question_Paper_PDF_English_Dec_20_2025__77d9450a7034b3a06335018d372a5cbc.json,Rrb,19,pyq_7e3aac66a6bf628e_p19,OPAQUE — empty stem; transcribe Q from PDF,UNCLASSIFIED,,GEN_UNC,,,RRB/NTPC/CBT 2/RRB_NTPC_2024_Under_Graduate_Level_CBT_2_Question_Paper_PDF_English_Dec_20_2025__77d9450a7034b3a06335018d372a5cbc.pdf
RRB_NTPC_2024_Under_Graduate_Level_CBT_2_Question_Paper_PDF_English_Dec_20_2025__77d9450a7034b3a06335018d372a5cbc.json,Rrb,46,pyq_7e3aac66a6bf628e_p46,OPAQUE — empty stem; transcribe Q from PDF,UNCLASSIFIED,,GEN_UNC,,,RRB/NTPC/CBT 2/RRB_NTPC_2024_Under_Graduate_Level_CBT_2_Question_Paper_PDF_English_Dec_20_2025__77d9450a7034b3a06335018d372a5cbc.pdf
RRB_NTPC_2024_Under_Graduate_Level_CBT_2_Question_Paper_PDF_English_Dec_20_2025__77d9450a7034b3a06335018d372a5cbc.json,Rrb,52,pyq_7e3aac66a6bf628e_p52,OPAQUE — empty stem; transcribe Q from PDF,UNCLASSIFIED,,GEN_UNC,,,RRB/NTPC/CBT 2/RRB_NTPC_2024_Under_Graduate_Level_CBT_2_Question_Paper_PDF_English_Dec_20_2025__77d9450a7034b3a06335018d372a5cbc.pdf
RRB_NTPC_2024_Under_Graduate_Level_CBT_2_Question_Paper_PDF_English_Dec_20_2025__77d9450a7034b3a06335018d372a5cbc.json,Rrb,55,pyq_7e3aac66a6bf628e_p55,OPAQUE — empty stem; transcribe Q from PDF,UNCLASSIFIED,,GEN_UNC,,,RRB/NTPC/CBT 2/RRB_NTPC_2024_Under_Graduate_Level_CBT_2_Question_Paper_PDF_English_Dec_20_2025__77d9450a7034b3a06335018d372a5cbc.pdf
RRB_NTPC_2024_Under_Graduate_Level_CBT_2_Question_Paper_PDF_English_Dec_20_2025__77d9450a7034b3a06335018d372a5cbc.json,Rrb,62,pyq_7e3aac66a6bf628e_p62,OPAQUE — empty stem; transcribe Q from PDF,UNCLASSIFIED,,GEN_UNC,,,RRB/NTPC/CBT 2/RRB_NTPC_2024_Under_Graduate_Level_CBT_2_Question_Paper_PDF_English_Dec_20_2025__77d9450a7034b3a06335018d372a5cbc.pdf
RRB_NTPC_2024_Under_Graduate_Level_CBT_2_Question_Paper_PDF_English_Dec_20_2025__77d9450a7034b3a06335018d372a5cbc.json,Rrb,75,pyq_7e3aac66a6bf628e_p75,OPAQUE — empty stem; transcribe Q from PDF,UNCLASSIFIED,,GEN_UNC,,,RRB/NTPC/CBT 2/RRB_NTPC_2024_Under_Graduate_Level_CBT_2_Question_Paper_PDF_English_Dec_20_2025__77d9450a7034b3a06335018d372a5cbc.pdf
RRB_NTPC_2024_Under_Graduate_Level_CBT_2_Question_Paper_PDF_English_Dec_20_2025__77d9450a7034b3a06335018d372a5cbc.json,Rrb,80,pyq_7e3aac66a6bf628e_p80,OPAQUE — empty stem; transcribe Q from PDF,UNCLASSIFIED,,GEN_UNC,,,RRB/NTPC/CBT 2/RRB_NTPC_2024_Under_Graduate_Level_CBT_2_Question_Paper_PDF_English_Dec_20_2025__77d9450a7034b3a06335018d372a5cbc.pdf
RRB_NTPC_2024_Under_Graduate_Level_CBT_2_Question_Paper_PDF_English_Dec_20_2025__77d9450a7034b3a06335018d372a5cbc.json,Rrb,91,pyq_7e3aac66a6bf628e_p91,OPAQUE — empty stem; transcribe Q from PDF,UNCLASSIFIED,,GEN_UNC,,,RRB/NTPC/CBT 2/RRB_NTPC_2024_Under_Graduate_Level_CBT_2_Question_Paper_PDF_English_Dec_20_2025__77d9450a7034b3a06335018d372a5cbc.pdf
RRB_NTPC_2024_Under_Graduate_Level_CBT_2_Question_Paper_PDF_English_Dec_20_2025__77d9450a7034b3a06335018d372a5cbc.json,Rrb,115,pyq_7e3aac66a6bf628e_p115,OPAQUE — empty stem; transcribe Q from PDF,UNCLASSIFIED,,GEN_UNC,,,RRB/NTPC/CBT 2/RRB_NTPC_2024_Under_Graduate_Level_CBT_2_Question_Paper_PDF_English_Dec_20_2025__77d9450a7034b3a06335018d372a5cbc.pdf
RRB_NTPC_UG_Answer_Key_English_07_08_2025_Shift_1_Paper_2__95756d68b349d4c5f8e759a581479476.json,Rrb,3,pyq_f99a5b8d678e9617_p3,OPAQUE — empty stem; transcribe Q from PDF,UNCLASSIFIED,,GEN_UNC,,,RRB/NTPC/CBT 1/RRB_NTPC_UG_Answer_Key_English_07_08_2025_Shift_1_Paper_2__95756d68b349d4c5f8e759a581479476.pdf
RRB_NTPC_UG_Answer_Key_English_07_08_2025_Shift_1_Paper_2__95756d68b349d4c5f8e759a581479476.json,Rrb,7,pyq_f99a5b8d678e9617_p7,OPAQUE — empty stem; transcribe Q from PDF,UNCLASSIFIED,,GEN_UNC,,,RRB/NTPC/CBT 1/RRB_NTPC_UG_Answer_Key_English_07_08_2025_Shift_1_Paper_2__95756d68b349d4c5f8e759a581479476.pdf
RRB_NTPC_UG_Answer_Key_English_07_08_2025_Shift_1_Paper_2__95756d68b349d4c5f8e759a581479476.json,Rrb,58,pyq_f99a5b8d678e9617_p18,OPAQUE — empty stem; transcribe Q from PDF,UNCLASSIFIED,,GEN_UNC,:,,RRB/NTPC/CBT 1/RRB_NTPC_UG_Answer_Key_English_07_08_2025_Shift_1_Paper_2__95756d68b349d4c5f8e759a581479476.pdf
RRB_NTPC_UG_Answer_Key_English_07_08_2025_Shift_1_Paper_2__95756d68b349d4c5f8e759a581479476.json,Rrb,65,pyq_f99a5b8d678e9617_p25,OPAQUE — empty stem; transcribe Q from PDF,UNCLASSIFIED,,GEN_UNC,,,RRB/NTPC/CBT 1/RRB_NTPC_UG_Answer_Key_English_07_08_2025_Shift_1_Paper_2__95756d68b349d4c5f8e759a581479476.pdf
RRB_NTPC_UG_Answer_Key_English_07_08_2025_Shift_1_Paper_2__95756d68b349d4c5f8e759a581479476.json,Rrb,69,pyq_f99a5b8d678e9617_p29,OPAQUE — empty stem; transcribe Q from PDF,UNCLASSIFIED,,GEN_UNC,.,,RRB/NTPC/CBT 1/RRB_NTPC_UG_Answer_Key_English_07_08_2025_Shift_1_Paper_2__95756d68b349d4c5f8e759a581479476.pdf
RRB_NTPC_UG_Answer_Key_English_07_08_2025_Shift_2_Paper_bd0aa034b5e4ccab7dfd55c793f9893f.json,Rrb,44,pyq_75751158736445ac_p4,OPAQUE — empty stem; transcribe Q from PDF,UNCLASSIFIED,,GEN_UNC,,,RRB/NTPC/CBT 1/RRB_NTPC_UG_Answer_Key_English_07_08_2025_Shift_2_Paper_bd0aa034b5e4ccab7dfd55c793f9893f.pdf
RRB_NTPC_UG_Answer_Key_English_07_08_2025_Shift_2_Paper_bd0aa034b5e4ccab7dfd55c793f9893f.json,Rrb,54,pyq_75751158736445ac_p14,OPAQUE — empty stem; transcribe Q from PDF,UNCLASSIFIED,,GEN_UNC,,,RRB/NTPC/CBT 1/RRB_NTPC_UG_Answer_Key_English_07_08_2025_Shift_2_Paper_bd0aa034b5e4ccab7dfd55c793f9893f.pdf
RRB_NTPC_UG_Answer_Key_English_07_08_2025_Shift_2_Paper_bd0aa034b5e4ccab7dfd55c793f9893f.json,Rrb,55,pyq_75751158736445ac_p15,OPAQUE — empty stem; transcribe Q from PDF,UNCLASSIFIED,,GEN_UNC,,,RRB/NTPC/CBT 1/RRB_NTPC_UG_Answer_Key_English_07_08_2025_Shift_2_Paper_bd0aa034b5e4ccab7dfd55c793f9893f.pdf
RRB_NTPC_UG_Answer_Key_English_07_08_2025_Shift_2_Paper_bd0aa034b5e4ccab7dfd55c793f9893f.json,Rrb,60,pyq_75751158736445ac_p20,OPAQUE — empty stem; transcribe Q from PDF,UNCLASSIFIED,,GEN_UNC,,,RRB/NTPC/CBT 1/RRB_NTPC_UG_Answer_Key_English_07_08_2025_Shift_2_Paper_bd0aa034b5e4ccab7dfd55c793f9893f.pdf
RRB_NTPC_UG_Answer_Key_English_07_08_2025_Shift_2_Paper_bd0aa034b5e4ccab7dfd55c793f9893f.json,Rrb,67,pyq_75751158736445ac_p27,OPAQUE — empty stem; transcribe Q from PDF,UNCLASSIFIED,,GEN_UNC,,,RRB/NTPC/CBT 1/RRB_NTPC_UG_Answer_Key_English_07_08_2025_Shift_2_Paper_bd0aa034b5e4ccab7dfd55c793f9893f.pdf
RRB_NTPC_UG_Answer_Key_English_07_08_2025_Shift_3_Paper_b8fda460ee00827bf13bd5c2bd028d01.json,Rrb,5,pyq_65bd04adab268b62_p5,OPAQUE — empty stem; transcribe Q from PDF,UNCLASSIFIED,,GEN_UNC,2025?,,RRB/NTPC/CBT 1/RRB_NTPC_UG_Answer_Key_English_07_08_2025_Shift_3_Paper_b8fda460ee00827bf13bd5c2bd028d01.pdf
RRB_NTPC_UG_Answer_Key_English_07_08_2025_Shift_3_Paper_b8fda460ee00827bf13bd5c2bd028d01.json,Rrb,47,pyq_65bd04adab268b62_p7,OPAQUE — empty stem; transcribe Q from PDF,UNCLASSIFIED,,GEN_UNC,,,RRB/NTPC/CBT 1/RRB_NTPC_UG_Answer_Key_English_07_08_2025_Shift_3_Paper_b8fda460ee00827bf13bd5c2bd028d01.pdf
RRB_NTPC_UG_Answer_Key_English_07_08_2025_Shift_3_Paper_b8fda460ee00827bf13bd5c2bd028d01.json,Rrb,59,pyq_65bd04adab268b62_p19,OPAQUE — empty stem; transcribe Q from PDF,UNCLASSIFIED,,GEN_UNC,,,RRB/NTPC/CBT 1/RRB_NTPC_UG_Answer_Key_English_07_08_2025_Shift_3_Paper_b8fda460ee00827bf13bd5c2bd028d01.pdf
RRB_NTPC_UG_Answer_Key_English_07_08_2025_Shift_3_Paper_b8fda460ee00827bf13bd5c2bd028d01.json,Rrb,60,pyq_65bd04adab268b62_p20,OPAQUE — empty stem; transcribe Q from PDF,UNCLASSIFIED,,GEN_UNC,,,RRB/NTPC/CBT 1/RRB_NTPC_UG_Answer_Key_English_07_08_2025_Shift_3_Paper_b8fda460ee00827bf13bd5c2bd028d01.pdf
RRB_NTPC_UG_Answer_Key_English_07_08_2025_Shift_3_Paper_b8fda460ee00827bf13bd5c2bd028d01.json,Rrb,70,pyq_65bd04adab268b62_p30,OPAQUE — empty stem; transcribe Q from PDF,UNCLASSIFIED,,GEN_UNC,,,RRB/NTPC/CBT 1/RRB_NTPC_UG_Answer_Key_English_07_08_2025_Shift_3_Paper_b8fda460ee00827bf13bd5c2bd028d01.pdf
RRB_NTPC_UG_Answer_Key_English_08_08_2025_Shift_1_Paper_35ad90b3baa6bb3a12286caa7e772c5a.json,Rrb,41,pyq_498e48c35005280e_p1,OPAQUE — empty stem; transcribe Q from PDF,UNCLASSIFIED,,GEN_UNC,,,RRB/NTPC/CBT 1/RRB_NTPC_UG_Answer_Key_English_08_08_2025_Shift_1_Paper_35ad90b3baa6bb3a12286caa7e772c5a.pdf
RRB_NTPC_UG_Answer_Key_English_08_08_2025_Shift_1_Paper_35ad90b3baa6bb3a12286caa7e772c5a.json,Rrb,42,pyq_498e48c35005280e_p2,OPAQUE — empty stem; transcribe Q from PDF,UNCLASSIFIED,,GEN_UNC,,,RRB/NTPC/CBT 1/RRB_NTPC_UG_Answer_Key_English_08_08_2025_Shift_1_Paper_35ad90b3baa6bb3a12286caa7e772c5a.pdf
RRB_NTPC_UG_Answer_Key_English_08_08_2025_Shift_1_Paper_35ad90b3baa6bb3a12286caa7e772c5a.json,Rrb,48,pyq_498e48c35005280e_p8,OPAQUE — empty stem; transcribe Q from PDF,UNCLASSIFIED,,GEN_UNC,,,RRB/NTPC/CBT 1/RRB_NTPC_UG_Answer_Key_English_08_08_2025_Shift_1_Paper_35ad90b3baa6bb3a12286caa7e772c5a.pdf
RRB_NTPC_UG_Answer_Key_English_08_08_2025_Shift_1_Paper_35ad90b3baa6bb3a12286caa7e772c5a.json,Rrb,53,pyq_498e48c35005280e_p13,OPAQUE — empty stem; transcribe Q from PDF,UNCLASSIFIED,,GEN_UNC,,,RRB/NTPC/CBT 1/RRB_NTPC_UG_Answer_Key_English_08_08_2025_Shift_1_Paper_35ad90b3baa6bb3a12286caa7e772c5a.pdf
RRB_NTPC_UG_Answer_Key_English_08_08_2025_Shift_1_Paper_35ad90b3baa6bb3a12286caa7e772c5a.json,Rrb,54,pyq_498e48c35005280e_p14,OPAQUE — empty stem; transcribe Q from PDF,UNCLASSIFIED,,GEN_UNC,,,RRB/NTPC/CBT 1/RRB_NTPC_UG_Answer_Key_English_08_08_2025_Shift_1_Paper_35ad90b3baa6bb3a12286caa7e772c5a.pdf
RRB_NTPC_UG_Answer_Key_English_08_08_2025_Shift_1_Paper_35ad90b3baa6bb3a12286caa7e772c5a.json,Rrb,63,pyq_498e48c35005280e_p23,OPAQUE — empty stem; transcribe Q from PDF,UNCLASSIFIED,,GEN_UNC,,,RRB/NTPC/CBT 1/RRB_NTPC_UG_Answer_Key_English_08_08_2025_Shift_1_Paper_35ad90b3baa6bb3a12286caa7e772c5a.pdf
RRB_NTPC_UG_Answer_Key_English_08_08_2025_Shift_1_Paper_35ad90b3baa6bb3a12286caa7e772c5a.json,Rrb,64,pyq_498e48c35005280e_p24,OPAQUE — empty stem; transcribe Q from PDF,UNCLASSIFIED,,GEN_UNC,,,RRB/NTPC/CBT 1/RRB_NTPC_UG_Answer_Key_English_08_08_2025_Shift_1_Paper_35ad90b3baa6bb3a12286caa7e772c5a.pdf
RRB_NTPC_UG_Answer_Key_English_08_08_2025_Shift_1_Paper_35ad90b3baa6bb3a12286caa7e772c5a.json,Rrb,67,pyq_498e48c35005280e_p27,OPAQUE — empty stem; transcribe Q from PDF,UNCLASSIFIED,,GEN_UNC,,,RRB/NTPC/CBT 1/RRB_NTPC_UG_Answer_Key_English_08_08_2025_Shift_1_Paper_35ad90b3baa6bb3a12286caa7e772c5a.pdf
SBI-PO-Mains-English-Section-Memory-Based-Paper-05.05.2025.json,Sbi,26,pyq_e658996127d47339_p26,OPAQUE — empty stem; transcribe Q from PDF,UNCLASSIFIED,,GEN_UNC,,,Banks/SBI PO/Mains/SBI-PO-Mains-English-Section-Memory-Based-Paper-05.05.2025.pdf
SBI-PO-Mains-English-Section-Memory-Based-Paper-05.05.2025.json,Sbi,27,pyq_e658996127d47339_p27,OPAQUE — empty stem; transcribe Q from PDF,UNCLASSIFIED,,GEN_UNC,,,Banks/SBI PO/Mains/SBI-PO-Mains-English-Section-Memory-Based-Paper-05.05.2025.pdf
SBI-PO-Mains-English-Section-Memory-Based-Paper-05.05.2025.json,Sbi,28,pyq_e658996127d47339_p28,OPAQUE — empty stem; transcribe Q from PDF,COMPUTER,fundamentals,CMP_FUND,,,Banks/SBI PO/Mains/SBI-PO-Mains-English-Section-Memory-Based-Paper-05.05.2025.pdf
SBI-PO-Pre-2024-25-Memory-Based-Paper-24-Mar-2025-1st-shift.json,Sbi,57,pyq_f2995a9efc27157d_p57,OPAQUE — empty stem; transcribe Q from PDF,UNCLASSIFIED,,GEN_UNC,,,Banks/SBI PO/prelims/SBI-PO-Pre-2024-25-Memory-Based-Paper-24-Mar-2025-1st-shift.pdf
SBI-PO-Pre-2024-25-Memory-Based-Paper-24-Mar-2025-1st-shift.json,Sbi,58,pyq_f2995a9efc27157d_p58,OPAQUE — empty stem; transcribe Q from PDF,UNCLASSIFIED,,GEN_UNC,,,Banks/SBI PO/prelims/SBI-PO-Pre-2024-25-Memory-Based-Paper-24-Mar-2025-1st-shift.pdf
SBI-PO-Pre-2024-25-Memory-Based-Paper-8-Mar-2025-2nd-shift.json,Sbi,34,pyq_530763881b442fef_p34,OPAQUE — empty stem; transcribe Q from PDF,UNCLASSIFIED,,GEN_UNC,RAISE,,Banks/SBI PO/prelims/SBI-PO-Pre-2024-25-Memory-Based-Paper-8-Mar-2025-2nd-shift.pdf
SBI-PO-Pre-2024-25-Memory-Based-Paper-8-Mar-2025-2nd-shift.json,Sbi,35,pyq_530763881b442fef_p35,OPAQUE — empty stem; transcribe Q from PDF,UNCLASSIFIED,,GEN_UNC,MANAGE,,Banks/SBI PO/prelims/SBI-PO-Pre-2024-25-Memory-Based-Paper-8-Mar-2025-2nd-shift.pdf
SBI-PO-Pre-2024-25-Memory-Based-Paper-8-Mar-2025-2nd-shift.json,Sbi,61,pyq_530763881b442fef_p61,OPAQUE — empty stem; transcribe Q from PDF,UNCLASSIFIED,,GEN_UNC,,,Banks/SBI PO/prelims/SBI-PO-Pre-2024-25-Memory-Based-Paper-8-Mar-2025-2nd-shift.pdf
SSC-CGL-Tier-1-Question-Paper-English_23.09.2024_04.00-PM-05.00-PM.json,Ssc,9,pyq_0562fbf0d58d1a73_p9,OPAQUE — empty stem; transcribe Q from PDF,REASONING,,REA_UNC,,,cgl/Tier-1/SSC-CGL-Tier-1-Question-Paper-English_23.09.2024_04.00-PM-05.00-PM.pdf
SSC-CGL-Tier-1-Question-Paper-English_23.09.2024_04.00-PM-05.00-PM.json,Ssc,19,pyq_0562fbf0d58d1a73_p19,OPAQUE — empty stem; transcribe Q from PDF,REASONING,,REA_UNC,,,cgl/Tier-1/SSC-CGL-Tier-1-Question-Paper-English_23.09.2024_04.00-PM-05.00-PM.pdf
SSC-CGL-Tier-1-Question-Paper-English_23.09.2024_04.00-PM-05.00-PM.json,Ssc,21,pyq_0562fbf0d58d1a73_p21,OPAQUE — empty stem; transcribe Q from PDF,REASONING,,REA_UNC,,,cgl/Tier-1/SSC-CGL-Tier-1-Question-Paper-English_23.09.2024_04.00-PM-05.00-PM.pdf
SSC-CGL-Tier-1-Question-Paper-English_23.09.2024_04.00-PM-05.00-PM.json,Ssc,40,pyq_0562fbf0d58d1a73_p15,OPAQUE — empty stem; transcribe Q from PDF,GENERAL_AWARENESS,,GEN_UNC,,,cgl/Tier-1/SSC-CGL-Tier-1-Question-Paper-English_23.09.2024_04.00-PM-05.00-PM.pdf
SSC-CGL-Tier-1-Question-Paper-English_23.09.2024_04.00-PM-05.00-PM.json,Ssc,52,pyq_0562fbf0d58d1a73_p2,OPAQUE — empty stem; transcribe Q from PDF,QUANT,,QUA_UNC,.,,cgl/Tier-1/SSC-CGL-Tier-1-Question-Paper-English_23.09.2024_04.00-PM-05.00-PM.pdf
SSC-CGL-Tier-1-Question-Paper-English_23.09.2024_04.00-PM-05.00-PM.json,Ssc,54,pyq_0562fbf0d58d1a73_p4,OPAQUE — empty stem; transcribe Q from PDF,QUANT,,QUA_UNC,,,cgl/Tier-1/SSC-CGL-Tier-1-Question-Paper-English_23.09.2024_04.00-PM-05.00-PM.pdf
SSC-CGL-Tier-1-Question-Paper-English_23.09.2024_04.00-PM-05.00-PM.json,Ssc,56,pyq_0562fbf0d58d1a73_p7,OPAQUE — empty stem; transcribe Q from PDF,QUANT,,QUA_UNC,,,cgl/Tier-1/SSC-CGL-Tier-1-Question-Paper-English_23.09.2024_04.00-PM-05.00-PM.pdf
SSC-CGL-Tier-1-Question-Paper-English_23.09.2024_04.00-PM-05.00-PM.json,Ssc,62,pyq_0562fbf0d58d1a73_p13,OPAQUE — empty stem; transcribe Q from PDF,QUANT,percentage,QNT_PCT,,,cgl/Tier-1/SSC-CGL-Tier-1-Question-Paper-English_23.09.2024_04.00-PM-05.00-PM.pdf
SSC-CGL-Tier-1-Question-Paper-English_23.09.2024_04.00-PM-05.00-PM.json,Ssc,65,pyq_0562fbf0d58d1a73_p16,OPAQUE — empty stem; transcribe Q from PDF,QUANT,,QUA_UNC,,,cgl/Tier-1/SSC-CGL-Tier-1-Question-Paper-English_23.09.2024_04.00-PM-05.00-PM.pdf
SSC-CGL-Tier-1-Question-Paper-English_23.09.2024_04.00-PM-05.00-PM.json,Ssc,68,pyq_0562fbf0d58d1a73_p19,OPAQUE — empty stem; transcribe Q from PDF,QUANT,,QUA_UNC,,,cgl/Tier-1/SSC-CGL-Tier-1-Question-Paper-English_23.09.2024_04.00-PM-05.00-PM.pdf
SSC-CGL-Tier-1-Question-Paper-English_23.09.2024_04.00-PM-05.00-PM.json,Ssc,69,pyq_0562fbf0d58d1a73_p20,OPAQUE — empty stem; transcribe Q from PDF,QUANT,,QUA_UNC,,,cgl/Tier-1/SSC-CGL-Tier-1-Question-Paper-English_23.09.2024_04.00-PM-05.00-PM.pdf
SSC-CGL-Tier-1-Question-Paper-English_23.09.2024_04.00-PM-05.00-PM.json,Ssc,71,pyq_0562fbf0d58d1a73_p22,OPAQUE — empty stem; transcribe Q from PDF,QUANT,,QUA_UNC,,,cgl/Tier-1/SSC-CGL-Tier-1-Question-Paper-English_23.09.2024_04.00-PM-05.00-PM.pdf
SSC-CGL-Tier-1-Question-Paper-English_23.09.2024_12.30-PM-01.30-PM.json,Ssc,51,pyq_66e8d441d68427ca_p1,OPAQUE — empty stem; transcribe Q from PDF,QUANT,,QUA_UNC,,,cgl/Tier-1/SSC-CGL-Tier-1-Question-Paper-English_23.09.2024_12.30-PM-01.30-PM.pdf
SSC-CGL-Tier-1-Question-Paper-English_23.09.2024_12.30-PM-01.30-PM.json,Ssc,55,pyq_66e8d441d68427ca_p5,OPAQUE — empty stem; transcribe Q from PDF,QUANT,,QUA_UNC,,,cgl/Tier-1/SSC-CGL-Tier-1-Question-Paper-English_23.09.2024_12.30-PM-01.30-PM.pdf
SSC-CGL-Tier-1-Question-Paper-English_23.09.2024_12.30-PM-01.30-PM.json,Ssc,57,pyq_66e8d441d68427ca_p7,OPAQUE — empty stem; transcribe Q from PDF,QUANT,,QUA_UNC,,,cgl/Tier-1/SSC-CGL-Tier-1-Question-Paper-English_23.09.2024_12.30-PM-01.30-PM.pdf
SSC-CGL-Tier-1-Question-Paper-English_23.09.2024_12.30-PM-01.30-PM.json,Ssc,63,pyq_66e8d441d68427ca_p13,OPAQUE — empty stem; transcribe Q from PDF,QUANT,,QUA_UNC,,,cgl/Tier-1/SSC-CGL-Tier-1-Question-Paper-English_23.09.2024_12.30-PM-01.30-PM.pdf
SSC-CGL-Tier-1-Question-Paper-English_23.09.2024_12.30-PM-01.30-PM.json,Ssc,64,pyq_66e8d441d68427ca_p14,OPAQUE — empty stem; transcribe Q from PDF,QUANT,,QUA_UNC,,,cgl/Tier-1/SSC-CGL-Tier-1-Question-Paper-English_23.09.2024_12.30-PM-01.30-PM.pdf
SSC-CGL-Tier-1-Question-Paper-English_23.09.2024_12.30-PM-01.30-PM.json,Ssc,70,pyq_66e8d441d68427ca_p20,OPAQUE — empty stem; transcribe Q from PDF,QUANT,,QUA_UNC,,,cgl/Tier-1/SSC-CGL-Tier-1-Question-Paper-English_23.09.2024_12.30-PM-01.30-PM.pdf
SSC-CGL-Tier-1-Question-Paper-English_23.09.2024_12.30-PM-01.30-PM.json,Ssc,71,pyq_66e8d441d68427ca_p21,OPAQUE — empty stem; transcribe Q from PDF,QUANT,,QUA_UNC,,,cgl/Tier-1/SSC-CGL-Tier-1-Question-Paper-English_23.09.2024_12.30-PM-01.30-PM.pdf
SSC-CGL-Tier-1-Question-Paper-English_23.09.2024_9.00-AM-10.00-AM.json,Ssc,54,pyq_8077fffaac05638b_p4,OPAQUE — empty stem; transcribe Q from PDF,QUANT,,QUA_UNC,,,cgl/Tier-1/SSC-CGL-Tier-1-Question-Paper-English_23.09.2024_9.00-AM-10.00-AM.pdf
SSC-CGL-Tier-1-Question-Paper-English_23.09.2024_9.00-AM-10.00-AM.json,Ssc,55,pyq_8077fffaac05638b_p5,OPAQUE — empty stem; transcribe Q from PDF,QUANT,,QUA_UNC,,,cgl/Tier-1/SSC-CGL-Tier-1-Question-Paper-English_23.09.2024_9.00-AM-10.00-AM.pdf
SSC-CGL-Tier-1-Question-Paper-English_23.09.2024_9.00-AM-10.00-AM.json,Ssc,61,pyq_8077fffaac05638b_p11,OPAQUE — empty stem; transcribe Q from PDF,QUANT,,QUA_UNC,,,cgl/Tier-1/SSC-CGL-Tier-1-Question-Paper-English_23.09.2024_9.00-AM-10.00-AM.pdf
SSC-CGL-Tier-1-Question-Paper-English_23.09.2024_9.00-AM-10.00-AM.json,Ssc,66,pyq_8077fffaac05638b_p16,OPAQUE — empty stem; transcribe Q from PDF,QUANT,,QUA_UNC,,,cgl/Tier-1/SSC-CGL-Tier-1-Question-Paper-English_23.09.2024_9.00-AM-10.00-AM.pdf
SSC-CGL-Tier-1-Question-Paper-English_23.09.2024_9.00-AM-10.00-AM.json,Ssc,71,pyq_8077fffaac05638b_p21,OPAQUE — empty stem; transcribe Q from PDF,QUANT,,QUA_UNC,,,cgl/Tier-1/SSC-CGL-Tier-1-Question-Paper-English_23.09.2024_9.00-AM-10.00-AM.pdf
SSC-CGL-Tier-1-Question-Paper-English_24.09.2024_04.00-PM-05.00-PM.json,Ssc,58,pyq_4a6aa3f4a23f1b1c_p8,OPAQUE — empty stem; transcribe Q from PDF,QUANT,,QUA_UNC,,,cgl/Tier-1/SSC-CGL-Tier-1-Question-Paper-English_24.09.2024_04.00-PM-05.00-PM.pdf
SSC-CGL-Tier-1-Question-Paper-English_24.09.2024_04.00-PM-05.00-PM.json,Ssc,61,pyq_4a6aa3f4a23f1b1c_p11,OPAQUE — empty stem; transcribe Q from PDF,QUANT,,QUA_UNC,,,cgl/Tier-1/SSC-CGL-Tier-1-Question-Paper-English_24.09.2024_04.00-PM-05.00-PM.pdf
SSC-CGL-Tier-1-Question-Paper-English_24.09.2024_04.00-PM-05.00-PM.json,Ssc,64,pyq_4a6aa3f4a23f1b1c_p14,OPAQUE — empty stem; transcribe Q from PDF,QUANT,,QUA_UNC,,,cgl/Tier-1/SSC-CGL-Tier-1-Question-Paper-English_24.09.2024_04.00-PM-05.00-PM.pdf
SSC-CGL-Tier-1-Question-Paper-English_24.09.2024_04.00-PM-05.00-PM.json,Ssc,70,pyq_4a6aa3f4a23f1b1c_p22,OPAQUE — empty stem; transcribe Q from PDF,QUANT,,QUA_UNC,,,cgl/Tier-1/SSC-CGL-Tier-1-Question-Paper-English_24.09.2024_04.00-PM-05.00-PM.pdf
SSC-CGL-Tier-1-Question-Paper-English_24.09.2024_04.00-PM-05.00-PM.json,Ssc,71,pyq_4a6aa3f4a23f1b1c_p23,OPAQUE — empty stem; transcribe Q from PDF,QUANT,percentage,QNT_PCT,,,cgl/Tier-1/SSC-CGL-Tier-1-Question-Paper-English_24.09.2024_04.00-PM-05.00-PM.pdf
SSC-CGL-Tier-1-Question-Paper-English_24.09.2024_04.00-PM-05.00-PM.json,Ssc,73,pyq_4a6aa3f4a23f1b1c_p25,OPAQUE — empty stem; transcribe Q from PDF,QUANT,,QUA_UNC,,,cgl/Tier-1/SSC-CGL-Tier-1-Question-Paper-English_24.09.2024_04.00-PM-05.00-PM.pdf
SSC-CGL-Tier-1-Question-Paper-English_24.09.2024_12.30-PM-01.30-PM.json,Ssc,8,pyq_3259acf39b8d3f31_p8,OPAQUE — empty stem; transcribe Q from PDF,REASONING,,REA_UNC,,,cgl/Tier-1/SSC-CGL-Tier-1-Question-Paper-English_24.09.2024_12.30-PM-01.30-PM.pdf
SSC-CGL-Tier-1-Question-Paper-English_24.09.2024_12.30-PM-01.30-PM.json,Ssc,18,pyq_3259acf39b8d3f31_p18,OPAQUE — empty stem; transcribe Q from PDF,REASONING,,REA_UNC,,,cgl/Tier-1/SSC-CGL-Tier-1-Question-Paper-English_24.09.2024_12.30-PM-01.30-PM.pdf
SSC-CGL-Tier-1-Question-Paper-English_24.09.2024_12.30-PM-01.30-PM.json,Ssc,56,pyq_3259acf39b8d3f31_p6,OPAQUE — empty stem; transcribe Q from PDF,QUANT,,QUA_UNC,,,cgl/Tier-1/SSC-CGL-Tier-1-Question-Paper-English_24.09.2024_12.30-PM-01.30-PM.pdf
SSC-CGL-Tier-1-Question-Paper-English_24.09.2024_12.30-PM-01.30-PM.json,Ssc,59,pyq_3259acf39b8d3f31_p9,OPAQUE — empty stem; transcribe Q from PDF,QUANT,,QUA_UNC,,,cgl/Tier-1/SSC-CGL-Tier-1-Question-Paper-English_24.09.2024_12.30-PM-01.30-PM.pdf
SSC-CGL-Tier-1-Question-Paper-English_24.09.2024_12.30-PM-01.30-PM.json,Ssc,62,pyq_3259acf39b8d3f31_p12,OPAQUE — empty stem; transcribe Q from PDF,QUANT,,QUA_UNC,,,cgl/Tier-1/SSC-CGL-Tier-1-Question-Paper-English_24.09.2024_12.30-PM-01.30-PM.pdf
SSC-CGL-Tier-1-Question-Paper-English_24.09.2024_12.30-PM-01.30-PM.json,Ssc,63,pyq_3259acf39b8d3f31_p13,OPAQUE — empty stem; transcribe Q from PDF,QUANT,,QUA_UNC,,,cgl/Tier-1/SSC-CGL-Tier-1-Question-Paper-English_24.09.2024_12.30-PM-01.30-PM.pdf
SSC-CGL-Tier-1-Question-Paper-English_24.09.2024_12.30-PM-01.30-PM.json,Ssc,64,pyq_3259acf39b8d3f31_p14,OPAQUE — empty stem; transcribe Q from PDF,QUANT,,QUA_UNC,,,cgl/Tier-1/SSC-CGL-Tier-1-Question-Paper-English_24.09.2024_12.30-PM-01.30-PM.pdf
SSC-CGL-Tier-1-Question-Paper-English_24.09.2024_12.30-PM-01.30-PM.json,Ssc,66,pyq_3259acf39b8d3f31_p16,OPAQUE — empty stem; transcribe Q from PDF,QUANT,,QUA_UNC,,,cgl/Tier-1/SSC-CGL-Tier-1-Question-Paper-English_24.09.2024_12.30-PM-01.30-PM.pdf
SSC-CGL-Tier-1-Question-Paper-English_24.09.2024_12.30-PM-01.30-PM.json,Ssc,67,pyq_3259acf39b8d3f31_p17,OPAQUE — empty stem; transcribe Q from PDF,QUANT,,QUA_UNC,,,cgl/Tier-1/SSC-CGL-Tier-1-Question-Paper-English_24.09.2024_12.30-PM-01.30-PM.pdf
SSC-CGL-Tier-1-Question-Paper-English_24.09.2024_12.30-PM-01.30-PM.json,Ssc,69,pyq_3259acf39b8d3f31_p19,OPAQUE — empty stem; transcribe Q from PDF,QUANT,,QUA_UNC,,,cgl/Tier-1/SSC-CGL-Tier-1-Question-Paper-English_24.09.2024_12.30-PM-01.30-PM.pdf
SSC-CGL-Tier-1-Question-Paper-English_24.09.2024_12.30-PM-01.30-PM.json,Ssc,70,pyq_3259acf39b8d3f31_p20,OPAQUE — empty stem; transcribe Q from PDF,QUANT,,QUA_UNC,,,cgl/Tier-1/SSC-CGL-Tier-1-Question-Paper-English_24.09.2024_12.30-PM-01.30-PM.pdf
SSC-CGL-Tier-1-Question-Paper-English_24.09.2024_12.30-PM-01.30-PM.json,Ssc,72,pyq_3259acf39b8d3f31_p22,OPAQUE — empty stem; transcribe Q from PDF,QUANT,,QUA_UNC,,,cgl/Tier-1/SSC-CGL-Tier-1-Question-Paper-English_24.09.2024_12.30-PM-01.30-PM.pdf
SSC-CGL-Tier-1-Question-Paper-English_24.09.2024_12.30-PM-01.30-PM.json,Ssc,75,pyq_3259acf39b8d3f31_p25,OPAQUE — empty stem; transcribe Q from PDF,QUANT,,QUA_UNC,,,cgl/Tier-1/SSC-CGL-Tier-1-Question-Paper-English_24.09.2024_12.30-PM-01.30-PM.pdf
SSC-CGL-Tier-1-Question-Paper-English_24.09.2024_9.00-AM-10.00-AM.json,Ssc,8,pyq_d421ebb87fc38dad_p8,OPAQUE — empty stem; transcribe Q from PDF,REASONING,,REA_UNC,,,cgl/Tier-1/SSC-CGL-Tier-1-Question-Paper-English_24.09.2024_9.00-AM-10.00-AM.pdf
SSC-CGL-Tier-1-Question-Paper-English_24.09.2024_9.00-AM-10.00-AM.json,Ssc,52,pyq_d421ebb87fc38dad_p2,OPAQUE — empty stem; transcribe Q from PDF,QUANT,,QUA_UNC,,,cgl/Tier-1/SSC-CGL-Tier-1-Question-Paper-English_24.09.2024_9.00-AM-10.00-AM.pdf
SSC-CGL-Tier-1-Question-Paper-English_24.09.2024_9.00-AM-10.00-AM.json,Ssc,59,pyq_d421ebb87fc38dad_p9,OPAQUE — empty stem; transcribe Q from PDF,QUANT,,QUA_UNC,,,cgl/Tier-1/SSC-CGL-Tier-1-Question-Paper-English_24.09.2024_9.00-AM-10.00-AM.pdf
SSC-CGL-Tier-1-Question-Paper-English_24.09.2024_9.00-AM-10.00-AM.json,Ssc,61,pyq_d421ebb87fc38dad_p11,OPAQUE — empty stem; transcribe Q from PDF,QUANT,,QUA_UNC,,,cgl/Tier-1/SSC-CGL-Tier-1-Question-Paper-English_24.09.2024_9.00-AM-10.00-AM.pdf
SSC-CGL-Tier-1-Question-Paper-English_24.09.2024_9.00-AM-10.00-AM.json,Ssc,66,pyq_d421ebb87fc38dad_p16,OPAQUE — empty stem; transcribe Q from PDF,QUANT,,QUA_UNC,,,cgl/Tier-1/SSC-CGL-Tier-1-Question-Paper-English_24.09.2024_9.00-AM-10.00-AM.pdf
SSC-CGL-Tier-1-Question-Paper-English_24.09.2024_9.00-AM-10.00-AM.json,Ssc,69,pyq_d421ebb87fc38dad_p19,OPAQUE — empty stem; transcribe Q from PDF,QUANT,,QUA_UNC,,,cgl/Tier-1/SSC-CGL-Tier-1-Question-Paper-English_24.09.2024_9.00-AM-10.00-AM.pdf
SSC-CGL-Tier-1-Question-Paper-English_25.09.2024_04.00-PM-05.00-PM.json,Ssc,54,pyq_c2ce12d35b7c8aa8_p5,OPAQUE — empty stem; transcribe Q from PDF,QUANT,,QUA_UNC,,,cgl/Tier-1/SSC-CGL-Tier-1-Question-Paper-English_25.09.2024_04.00-PM-05.00-PM.pdf
SSC-CGL-Tier-1-Question-Paper-English_25.09.2024_04.00-PM-05.00-PM.json,Ssc,55,pyq_c2ce12d35b7c8aa8_p6,OPAQUE — empty stem; transcribe Q from PDF,QUANT,,QUA_UNC,,,cgl/Tier-1/SSC-CGL-Tier-1-Question-Paper-English_25.09.2024_04.00-PM-05.00-PM.pdf
SSC-CGL-Tier-1-Question-Paper-English_25.09.2024_04.00-PM-05.00-PM.json,Ssc,57,pyq_c2ce12d35b7c8aa8_p8,OPAQUE — empty stem; transcribe Q from PDF,QUANT,,QUA_UNC,,,cgl/Tier-1/SSC-CGL-Tier-1-Question-Paper-English_25.09.2024_04.00-PM-05.00-PM.pdf
SSC-CGL-Tier-1-Question-Paper-English_25.09.2024_04.00-PM-05.00-PM.json,Ssc,59,pyq_c2ce12d35b7c8aa8_p10,OPAQUE — empty stem; transcribe Q from PDF,QUANT,,QUA_UNC,,,cgl/Tier-1/SSC-CGL-Tier-1-Question-Paper-English_25.09.2024_04.00-PM-05.00-PM.pdf
SSC-CGL-Tier-1-Question-Paper-English_25.09.2024_04.00-PM-05.00-PM.json,Ssc,68,pyq_c2ce12d35b7c8aa8_p19,OPAQUE — empty stem; transcribe Q from PDF,QUANT,,QUA_UNC,,,cgl/Tier-1/SSC-CGL-Tier-1-Question-Paper-English_25.09.2024_04.00-PM-05.00-PM.pdf
SSC-CGL-Tier-1-Question-Paper-English_25.09.2024_04.00-PM-05.00-PM.json,Ssc,70,pyq_c2ce12d35b7c8aa8_p21,OPAQUE — empty stem; transcribe Q from PDF,QUANT,,QUA_UNC,,,cgl/Tier-1/SSC-CGL-Tier-1-Question-Paper-English_25.09.2024_04.00-PM-05.00-PM.pdf
SSC-CGL-Tier-1-Question-Paper-English_25.09.2024_12.30-PM-01.30-PM.json,Ssc,56,pyq_3516df873618afe1_p6,OPAQUE — empty stem; transcribe Q from PDF,QUANT,,QUA_UNC,,,cgl/Tier-1/SSC-CGL-Tier-1-Question-Paper-English_25.09.2024_12.30-PM-01.30-PM.pdf
SSC-CGL-Tier-1-Question-Paper-English_25.09.2024_12.30-PM-01.30-PM.json,Ssc,58,pyq_3516df873618afe1_p8,OPAQUE — empty stem; transcribe Q from PDF,QUANT,,QUA_UNC,,,cgl/Tier-1/SSC-CGL-Tier-1-Question-Paper-English_25.09.2024_12.30-PM-01.30-PM.pdf
SSC-CGL-Tier-1-Question-Paper-English_25.09.2024_12.30-PM-01.30-PM.json,Ssc,63,pyq_3516df873618afe1_p13,OPAQUE — empty stem; transcribe Q from PDF,QUANT,,QUA_UNC,,,cgl/Tier-1/SSC-CGL-Tier-1-Question-Paper-English_25.09.2024_12.30-PM-01.30-PM.pdf
SSC-CGL-Tier-1-Question-Paper-English_25.09.2024_12.30-PM-01.30-PM.json,Ssc,67,pyq_3516df873618afe1_p17,OPAQUE — empty stem; transcribe Q from PDF,QUANT,,QUA_UNC,,,cgl/Tier-1/SSC-CGL-Tier-1-Question-Paper-English_25.09.2024_12.30-PM-01.30-PM.pdf
SSC-CGL-Tier-1-Question-Paper-English_25.09.2024_12.30-PM-01.30-PM.json,Ssc,70,pyq_3516df873618afe1_p20,OPAQUE — empty stem; transcribe Q from PDF,QUANT,,QUA_UNC,,,cgl/Tier-1/SSC-CGL-Tier-1-Question-Paper-English_25.09.2024_12.30-PM-01.30-PM.pdf
SSC-CGL-Tier-1-Question-Paper-English_25.09.2024_12.30-PM-01.30-PM.json,Ssc,71,pyq_3516df873618afe1_p21,OPAQUE — empty stem; transcribe Q from PDF,QUANT,,QUA_UNC,,,cgl/Tier-1/SSC-CGL-Tier-1-Question-Paper-English_25.09.2024_12.30-PM-01.30-PM.pdf
SSC-CGL-Tier-1-Question-Paper-English_25.09.2024_12.30-PM-01.30-PM.json,Ssc,72,pyq_3516df873618afe1_p22,OPAQUE — empty stem; transcribe Q from PDF,QUANT,,QUA_UNC,,,cgl/Tier-1/SSC-CGL-Tier-1-Question-Paper-English_25.09.2024_12.30-PM-01.30-PM.pdf
SSC-CGL-Tier-1-Question-Paper-English_25.09.2024_9.00-AM-10.00-AM.json,Ssc,6,pyq_d6b936df0001d773_p6,OPAQUE — empty stem; transcribe Q from PDF,REASONING,,REA_UNC,,,cgl/Tier-1/SSC-CGL-Tier-1-Question-Paper-English_25.09.2024_9.00-AM-10.00-AM.pdf
SSC-CGL-Tier-1-Question-Paper-English_25.09.2024_9.00-AM-10.00-AM.json,Ssc,26,pyq_d6b936df0001d773_p1,OPAQUE — empty stem; transcribe Q from PDF,GENERAL_AWARENESS,,GEN_UNC,,,cgl/Tier-1/SSC-CGL-Tier-1-Question-Paper-English_25.09.2024_9.00-AM-10.00-AM.pdf
SSC-CGL-Tier-1-Question-Paper-English_25.09.2024_9.00-AM-10.00-AM.json,Ssc,53,pyq_d6b936df0001d773_p3,OPAQUE — empty stem; transcribe Q from PDF,QUANT,percentage,QNT_PCT,,,cgl/Tier-1/SSC-CGL-Tier-1-Question-Paper-English_25.09.2024_9.00-AM-10.00-AM.pdf
SSC-CGL-Tier-1-Question-Paper-English_25.09.2024_9.00-AM-10.00-AM.json,Ssc,54,pyq_d6b936df0001d773_p4,OPAQUE — empty stem; transcribe Q from PDF,QUANT,,QUA_UNC,.,,cgl/Tier-1/SSC-CGL-Tier-1-Question-Paper-English_25.09.2024_9.00-AM-10.00-AM.pdf
SSC-CGL-Tier-1-Question-Paper-English_25.09.2024_9.00-AM-10.00-AM.json,Ssc,68,pyq_d6b936df0001d773_p18,OPAQUE — empty stem; transcribe Q from PDF,QUANT,,QUA_UNC,,,cgl/Tier-1/SSC-CGL-Tier-1-Question-Paper-English_25.09.2024_9.00-AM-10.00-AM.pdf
SSC-CGL-Tier-1-Question-Paper-English_25.09.2024_9.00-AM-10.00-AM.json,Ssc,69,pyq_d6b936df0001d773_p19,OPAQUE — empty stem; transcribe Q from PDF,QUANT,,QUA_UNC,,,cgl/Tier-1/SSC-CGL-Tier-1-Question-Paper-English_25.09.2024_9.00-AM-10.00-AM.pdf
SSC-CGL-Tier-1-Question-Paper-English_25.09.2024_9.00-AM-10.00-AM.json,Ssc,72,pyq_d6b936df0001d773_p22,OPAQUE — empty stem; transcribe Q from PDF,QUANT,,QUA_UNC,,,cgl/Tier-1/SSC-CGL-Tier-1-Question-Paper-English_25.09.2024_9.00-AM-10.00-AM.pdf
SSC-CGL-Tier-1-Question-Paper-English_26.09.2024_04.00-PM-05.00-PM.json,Ssc,55,pyq_97f6a57e611ecb5f_p5,OPAQUE — empty stem; transcribe Q from PDF,QUANT,,QUA_UNC,,,cgl/Tier-1/SSC-CGL-Tier-1-Question-Paper-English_26.09.2024_04.00-PM-05.00-PM.pdf
SSC-CGL-Tier-1-Question-Paper-English_26.09.2024_04.00-PM-05.00-PM.json,Ssc,56,pyq_97f6a57e611ecb5f_p6,OPAQUE — empty stem; transcribe Q from PDF,QUANT,percentage,QNT_PCT,,,cgl/Tier-1/SSC-CGL-Tier-1-Question-Paper-English_26.09.2024_04.00-PM-05.00-PM.pdf
SSC-CGL-Tier-1-Question-Paper-English_26.09.2024_04.00-PM-05.00-PM.json,Ssc,58,pyq_97f6a57e611ecb5f_p8,OPAQUE — empty stem; transcribe Q from PDF,QUANT,,QUA_UNC,,,cgl/Tier-1/SSC-CGL-Tier-1-Question-Paper-English_26.09.2024_04.00-PM-05.00-PM.pdf
SSC-CGL-Tier-1-Question-Paper-English_26.09.2024_04.00-PM-05.00-PM.json,Ssc,63,pyq_97f6a57e611ecb5f_p13,OPAQUE — empty stem; transcribe Q from PDF,QUANT,,QUA_UNC,,,cgl/Tier-1/SSC-CGL-Tier-1-Question-Paper-English_26.09.2024_04.00-PM-05.00-PM.pdf
SSC-CGL-Tier-1-Question-Paper-English_26.09.2024_04.00-PM-05.00-PM.json,Ssc,64,pyq_97f6a57e611ecb5f_p14,OPAQUE — empty stem; transcribe Q from PDF,QUANT,,QUA_UNC,,,cgl/Tier-1/SSC-CGL-Tier-1-Question-Paper-English_26.09.2024_04.00-PM-05.00-PM.pdf
SSC-CGL-Tier-1-Question-Paper-English_26.09.2024_04.00-PM-05.00-PM.json,Ssc,66,pyq_97f6a57e611ecb5f_p17,OPAQUE — empty stem; transcribe Q from PDF,QUANT,,QUA_UNC,,,cgl/Tier-1/SSC-CGL-Tier-1-Question-Paper-English_26.09.2024_04.00-PM-05.00-PM.pdf
SSC-CGL-Tier-1-Question-Paper-English_26.09.2024_04.00-PM-05.00-PM.json,Ssc,68,pyq_97f6a57e611ecb5f_p19,OPAQUE — empty stem; transcribe Q from PDF,QUANT,percentage,QNT_PCT,,,cgl/Tier-1/SSC-CGL-Tier-1-Question-Paper-English_26.09.2024_04.00-PM-05.00-PM.pdf
SSC-CGL-Tier-1-Question-Paper-English_26.09.2024_04.00-PM-05.00-PM.json,Ssc,69,pyq_97f6a57e611ecb5f_p20,OPAQUE — empty stem; transcribe Q from PDF,QUANT,,QUA_UNC,,,cgl/Tier-1/SSC-CGL-Tier-1-Question-Paper-English_26.09.2024_04.00-PM-05.00-PM.pdf
SSC-CGL-Tier-1-Question-Paper-English_26.09.2024_04.00-PM-05.00-PM.json,Ssc,71,pyq_97f6a57e611ecb5f_p22,OPAQUE — empty stem; transcribe Q from PDF,QUANT,,QUA_UNC,,,cgl/Tier-1/SSC-CGL-Tier-1-Question-Paper-English_26.09.2024_04.00-PM-05.00-PM.pdf
SSC-CGL-Tier-1-Question-Paper-English_26.09.2024_04.00-PM-05.00-PM.json,Ssc,73,pyq_97f6a57e611ecb5f_p24,OPAQUE — empty stem; transcribe Q from PDF,QUANT,pipes_and_cisterns,QNT_PIPES,,,cgl/Tier-1/SSC-CGL-Tier-1-Question-Paper-English_26.09.2024_04.00-PM-05.00-PM.pdf
SSC-CGL-Tier-1-Question-Paper-English_26.09.2024_12.30-PM-01.30-PM.json,Ssc,38,pyq_bee44245d5dcbdb0_p13,OPAQUE — empty stem; transcribe Q from PDF,GENERAL_AWARENESS,,GEN_UNC,,,cgl/Tier-1/SSC-CGL-Tier-1-Question-Paper-English_26.09.2024_12.30-PM-01.30-PM.pdf
SSC-CGL-Tier-1-Question-Paper-English_26.09.2024_12.30-PM-01.30-PM.json,Ssc,40,pyq_bee44245d5dcbdb0_p15,OPAQUE — empty stem; transcribe Q from PDF,GENERAL_AWARENESS,,GEN_UNC,,,cgl/Tier-1/SSC-CGL-Tier-1-Question-Paper-English_26.09.2024_12.30-PM-01.30-PM.pdf
SSC-CGL-Tier-1-Question-Paper-English_26.09.2024_12.30-PM-01.30-PM.json,Ssc,51,pyq_bee44245d5dcbdb0_p1,OPAQUE — empty stem; transcribe Q from PDF,QUANT,,QUA_UNC,,,cgl/Tier-1/SSC-CGL-Tier-1-Question-Paper-English_26.09.2024_12.30-PM-01.30-PM.pdf
SSC-CGL-Tier-1-Question-Paper-English_26.09.2024_12.30-PM-01.30-PM.json,Ssc,52,pyq_bee44245d5dcbdb0_p2,OPAQUE — empty stem; transcribe Q from PDF,QUANT,,QUA_UNC,,,cgl/Tier-1/SSC-CGL-Tier-1-Question-Paper-English_26.09.2024_12.30-PM-01.30-PM.pdf
SSC-CGL-Tier-1-Question-Paper-English_26.09.2024_12.30-PM-01.30-PM.json,Ssc,56,pyq_bee44245d5dcbdb0_p6,OPAQUE — empty stem; transcribe Q from PDF,QUANT,,QUA_UNC,,,cgl/Tier-1/SSC-CGL-Tier-1-Question-Paper-English_26.09.2024_12.30-PM-01.30-PM.pdf
SSC-CGL-Tier-1-Question-Paper-English_26.09.2024_12.30-PM-01.30-PM.json,Ssc,57,pyq_bee44245d5dcbdb0_p7,OPAQUE — empty stem; transcribe Q from PDF,QUANT,,QUA_UNC,,,cgl/Tier-1/SSC-CGL-Tier-1-Question-Paper-English_26.09.2024_12.30-PM-01.30-PM.pdf
SSC-CGL-Tier-1-Question-Paper-English_26.09.2024_12.30-PM-01.30-PM.json,Ssc,62,pyq_bee44245d5dcbdb0_p12,OPAQUE — empty stem; transcribe Q from PDF,QUANT,,QUA_UNC,,,cgl/Tier-1/SSC-CGL-Tier-1-Question-Paper-English_26.09.2024_12.30-PM-01.30-PM.pdf
SSC-CGL-Tier-1-Question-Paper-English_26.09.2024_12.30-PM-01.30-PM.json,Ssc,66,pyq_bee44245d5dcbdb0_p16,OPAQUE — empty stem; transcribe Q from PDF,QUANT,,QUA_UNC,,,cgl/Tier-1/SSC-CGL-Tier-1-Question-Paper-English_26.09.2024_12.30-PM-01.30-PM.pdf
SSC-CGL-Tier-1-Question-Paper-English_26.09.2024_12.30-PM-01.30-PM.json,Ssc,74,pyq_bee44245d5dcbdb0_p25,OPAQUE — empty stem; transcribe Q from PDF,QUANT,,QUA_UNC,,,cgl/Tier-1/SSC-CGL-Tier-1-Question-Paper-English_26.09.2024_12.30-PM-01.30-PM.pdf
SSC-CGL-Tier-1-Question-Paper-English_26.09.2024_9.00-AM-10.00-AM.json,Ssc,33,pyq_e0ab29b42141fbfa_p8,OPAQUE — empty stem; transcribe Q from PDF,GENERAL_AWARENESS,,GEN_UNC,,,cgl/Tier-1/SSC-CGL-Tier-1-Question-Paper-English_26.09.2024_9.00-AM-10.00-AM.pdf
SSC-CGL-Tier-1-Question-Paper-English_26.09.2024_9.00-AM-10.00-AM.json,Ssc,51,pyq_e0ab29b42141fbfa_p1,OPAQUE — empty stem; transcribe Q from PDF,QUANT,,QUA_UNC,,,cgl/Tier-1/SSC-CGL-Tier-1-Question-Paper-English_26.09.2024_9.00-AM-10.00-AM.pdf
SSC-CGL-Tier-1-Question-Paper-English_26.09.2024_9.00-AM-10.00-AM.json,Ssc,53,pyq_e0ab29b42141fbfa_p3,OPAQUE — empty stem; transcribe Q from PDF,QUANT,,QUA_UNC,,,cgl/Tier-1/SSC-CGL-Tier-1-Question-Paper-English_26.09.2024_9.00-AM-10.00-AM.pdf
SSC-CGL-Tier-1-Question-Paper-English_26.09.2024_9.00-AM-10.00-AM.json,Ssc,54,pyq_e0ab29b42141fbfa_p4,OPAQUE — empty stem; transcribe Q from PDF,QUANT,,QUA_UNC,,,cgl/Tier-1/SSC-CGL-Tier-1-Question-Paper-English_26.09.2024_9.00-AM-10.00-AM.pdf
SSC-CGL-Tier-1-Question-Paper-English_26.09.2024_9.00-AM-10.00-AM.json,Ssc,58,pyq_e0ab29b42141fbfa_p8,OPAQUE — empty stem; transcribe Q from PDF,QUANT,,QUA_UNC,,,cgl/Tier-1/SSC-CGL-Tier-1-Question-Paper-English_26.09.2024_9.00-AM-10.00-AM.pdf
SSC-CGL-Tier-1-Question-Paper-English_26.09.2024_9.00-AM-10.00-AM.json,Ssc,73,pyq_e0ab29b42141fbfa_p24,OPAQUE — empty stem; transcribe Q from PDF,QUANT,,QUA_UNC,,,cgl/Tier-1/SSC-CGL-Tier-1-Question-Paper-English_26.09.2024_9.00-AM-10.00-AM.pdf
SSC-CHSL-2022-Tier-II-Official-Paper-Held-On-26-Jun-2023-Shift-1-English.json,Ssc,1,pyq_643b1c9c2e2fe4e9_p1,OPAQUE — empty stem; transcribe Q from PDF,UNCLASSIFIED,,GEN_UNC,,,chsl/Tier 2/SSC-CHSL-2022-Tier-II-Official-Paper-Held-On-26-Jun-2023-Shift-1-English.pdf
SSC-CHSL-2022-Tier-II-Official-Paper-Held-On-26-Jun-2023-Shift-1-English.json,Ssc,4,pyq_643b1c9c2e2fe4e9_p4,OPAQUE — empty stem; transcribe Q from PDF,UNCLASSIFIED,,GEN_UNC,,,chsl/Tier 2/SSC-CHSL-2022-Tier-II-Official-Paper-Held-On-26-Jun-2023-Shift-1-English.pdf
SSC-CHSL-2022-Tier-II-Official-Paper-Held-On-26-Jun-2023-Shift-1-English.json,Ssc,11,pyq_643b1c9c2e2fe4e9_p11,OPAQUE — empty stem; transcribe Q from PDF,UNCLASSIFIED,,GEN_UNC,,,chsl/Tier 2/SSC-CHSL-2022-Tier-II-Official-Paper-Held-On-26-Jun-2023-Shift-1-English.pdf
SSC-CHSL-2022-Tier-II-Official-Paper-Held-On-26-Jun-2023-Shift-1-English.json,Ssc,14,pyq_643b1c9c2e2fe4e9_p14,OPAQUE — empty stem; transcribe Q from PDF,UNCLASSIFIED,,GEN_UNC,,,chsl/Tier 2/SSC-CHSL-2022-Tier-II-Official-Paper-Held-On-26-Jun-2023-Shift-1-English.pdf
SSC-CHSL-2022-Tier-II-Official-Paper-Held-On-26-Jun-2023-Shift-1-English.json,Ssc,32,pyq_643b1c9c2e2fe4e9_p2,OPAQUE — empty stem; transcribe Q from PDF,UNCLASSIFIED,,GEN_UNC,,,chsl/Tier 2/SSC-CHSL-2022-Tier-II-Official-Paper-Held-On-26-Jun-2023-Shift-1-English.pdf
SSC-CHSL-2022-Tier-II-Official-Paper-Held-On-26-Jun-2023-Shift-1-English.json,Ssc,33,pyq_643b1c9c2e2fe4e9_p3,OPAQUE — empty stem; transcribe Q from PDF,UNCLASSIFIED,,GEN_UNC,,,chsl/Tier 2/SSC-CHSL-2022-Tier-II-Official-Paper-Held-On-26-Jun-2023-Shift-1-English.pdf
SSC-CHSL-2022-Tier-II-Official-Paper-Held-On-26-Jun-2023-Shift-1-English.json,Ssc,35,pyq_643b1c9c2e2fe4e9_p5,OPAQUE — empty stem; transcribe Q from PDF,UNCLASSIFIED,,GEN_UNC,,,chsl/Tier 2/SSC-CHSL-2022-Tier-II-Official-Paper-Held-On-26-Jun-2023-Shift-1-English.pdf
SSC-CHSL-2022-Tier-II-Official-Paper-Held-On-26-Jun-2023-Shift-1-English.json,Ssc,40,pyq_643b1c9c2e2fe4e9_p10,OPAQUE — empty stem; transcribe Q from PDF,UNCLASSIFIED,,GEN_UNC,,,chsl/Tier 2/SSC-CHSL-2022-Tier-II-Official-Paper-Held-On-26-Jun-2023-Shift-1-English.pdf
SSC-CHSL-2022-Tier-II-Official-Paper-Held-On-26-Jun-2023-Shift-1-English.json,Ssc,45,pyq_643b1c9c2e2fe4e9_p15,OPAQUE — empty stem; transcribe Q from PDF,UNCLASSIFIED,,GEN_UNC,,,chsl/Tier 2/SSC-CHSL-2022-Tier-II-Official-Paper-Held-On-26-Jun-2023-Shift-1-English.pdf
SSC-CHSL-2022-Tier-II-Official-Paper-Held-On-26-Jun-2023-Shift-1-English.json,Ssc,55,pyq_643b1c9c2e2fe4e9_p25,OPAQUE — empty stem; transcribe Q from PDF,UNCLASSIFIED,,GEN_UNC,,,chsl/Tier 2/SSC-CHSL-2022-Tier-II-Official-Paper-Held-On-26-Jun-2023-Shift-1-English.pdf
SSC-CHSL-2022-Tier-II-Official-Paper-Held-On-26-Jun-2023-Shift-1-English.json,Ssc,57,pyq_643b1c9c2e2fe4e9_p27,OPAQUE — empty stem; transcribe Q from PDF,UNCLASSIFIED,,GEN_UNC,,,chsl/Tier 2/SSC-CHSL-2022-Tier-II-Official-Paper-Held-On-26-Jun-2023-Shift-1-English.pdf
SSC-CHSL-2022-Tier-II-Official-Paper-Held-On-26-Jun-2023-Shift-1-English.json,Ssc,108,pyq_643b1c9c2e2fe4e9_p8,OPAQUE — empty stem; transcribe Q from PDF,UNCLASSIFIED,,GEN_UNC,,,chsl/Tier 2/SSC-CHSL-2022-Tier-II-Official-Paper-Held-On-26-Jun-2023-Shift-1-English.pdf
SSC-CHSL-2022-Tier-II-Official-Paper-Held-On-26-Jun-2023-Shift-1-English.json,Ssc,121,pyq_643b1c9c2e2fe4e9_p1,OPAQUE — empty stem; transcribe Q from PDF,UNCLASSIFIED,,GEN_UNC,,,chsl/Tier 2/SSC-CHSL-2022-Tier-II-Official-Paper-Held-On-26-Jun-2023-Shift-1-English.pdf
SSC-CHSL-2022-Tier-II-Official-Paper-Held-On-26-Jun-2023-Shift-1-English.json,Ssc,122,pyq_643b1c9c2e2fe4e9_p2,OPAQUE — empty stem; transcribe Q from PDF,UNCLASSIFIED,,GEN_UNC,,,chsl/Tier 2/SSC-CHSL-2022-Tier-II-Official-Paper-Held-On-26-Jun-2023-Shift-1-English.pdf
SSC-CHSL-2022-Tier-II-Official-Paper-Held-On-26-Jun-2023-Shift-1-English.json,Ssc,123,pyq_643b1c9c2e2fe4e9_p3,OPAQUE — empty stem; transcribe Q from PDF,UNCLASSIFIED,,GEN_UNC,,,chsl/Tier 2/SSC-CHSL-2022-Tier-II-Official-Paper-Held-On-26-Jun-2023-Shift-1-English.pdf
SSC-CHSL-2022-Tier-II-Official-Paper-Held-On-26-Jun-2023-Shift-1-English.json,Ssc,124,pyq_643b1c9c2e2fe4e9_p4,OPAQUE — empty stem; transcribe Q from PDF,UNCLASSIFIED,,GEN_UNC,,,chsl/Tier 2/SSC-CHSL-2022-Tier-II-Official-Paper-Held-On-26-Jun-2023-Shift-1-English.pdf
SSC-CHSL-2022-Tier-II-Official-Paper-Held-On-26-Jun-2023-Shift-1-English.json,Ssc,125,pyq_643b1c9c2e2fe4e9_p5,OPAQUE — empty stem; transcribe Q from PDF,UNCLASSIFIED,,GEN_UNC,,,chsl/Tier 2/SSC-CHSL-2022-Tier-II-Official-Paper-Held-On-26-Jun-2023-Shift-1-English.pdf
SSC-CHSL-2022-Tier-II-Official-Paper-Held-On-26-Jun-2023-Shift-1-English.json,Ssc,126,pyq_643b1c9c2e2fe4e9_p6,OPAQUE — empty stem; transcribe Q from PDF,UNCLASSIFIED,,GEN_UNC,,,chsl/Tier 2/SSC-CHSL-2022-Tier-II-Official-Paper-Held-On-26-Jun-2023-Shift-1-English.pdf
SSC-CHSL-2022-Tier-II-Official-Paper-Held-On-26-Jun-2023-Shift-1-English.json,Ssc,127,pyq_643b1c9c2e2fe4e9_p7,OPAQUE — empty stem; transcribe Q from PDF,UNCLASSIFIED,,GEN_UNC,,,chsl/Tier 2/SSC-CHSL-2022-Tier-II-Official-Paper-Held-On-26-Jun-2023-Shift-1-English.pdf
SSC-CHSL-2022-Tier-II-Official-Paper-Held-On-26-Jun-2023-Shift-1-English.json,Ssc,128,pyq_643b1c9c2e2fe4e9_p8,OPAQUE — empty stem; transcribe Q from PDF,UNCLASSIFIED,,GEN_UNC,,,chsl/Tier 2/SSC-CHSL-2022-Tier-II-Official-Paper-Held-On-26-Jun-2023-Shift-1-English.pdf
SSC-CHSL-2022-Tier-II-Official-Paper-Held-On-26-Jun-2023-Shift-1-English.json,Ssc,129,pyq_643b1c9c2e2fe4e9_p9,OPAQUE — empty stem; transcribe Q from PDF,UNCLASSIFIED,,GEN_UNC,,,chsl/Tier 2/SSC-CHSL-2022-Tier-II-Official-Paper-Held-On-26-Jun-2023-Shift-1-English.pdf
SSC-CHSL-2022-Tier-II-Official-Paper-Held-On-26-Jun-2023-Shift-1-English.json,Ssc,130,pyq_643b1c9c2e2fe4e9_p10,OPAQUE — empty stem; transcribe Q from PDF,UNCLASSIFIED,,GEN_UNC,,,chsl/Tier 2/SSC-CHSL-2022-Tier-II-Official-Paper-Held-On-26-Jun-2023-Shift-1-English.pdf
SSC-CHSL-2022-Tier-II-Official-Paper-Held-On-26-Jun-2023-Shift-1-English.json,Ssc,131,pyq_643b1c9c2e2fe4e9_p11,OPAQUE — empty stem; transcribe Q from PDF,UNCLASSIFIED,,GEN_UNC,,,chsl/Tier 2/SSC-CHSL-2022-Tier-II-Official-Paper-Held-On-26-Jun-2023-Shift-1-English.pdf
SSC-CHSL-2022-Tier-II-Official-Paper-Held-On-26-Jun-2023-Shift-1-English.json,Ssc,132,pyq_643b1c9c2e2fe4e9_p12,OPAQUE — empty stem; transcribe Q from PDF,UNCLASSIFIED,,GEN_UNC,,,chsl/Tier 2/SSC-CHSL-2022-Tier-II-Official-Paper-Held-On-26-Jun-2023-Shift-1-English.pdf
SSC-CHSL-2022-Tier-II-Official-Paper-Held-On-26-Jun-2023-Shift-1-English.json,Ssc,133,pyq_643b1c9c2e2fe4e9_p13,OPAQUE — empty stem; transcribe Q from PDF,UNCLASSIFIED,,GEN_UNC,,,chsl/Tier 2/SSC-CHSL-2022-Tier-II-Official-Paper-Held-On-26-Jun-2023-Shift-1-English.pdf
SSC-CHSL-2022-Tier-II-Official-Paper-Held-On-26-Jun-2023-Shift-1-English.json,Ssc,134,pyq_643b1c9c2e2fe4e9_p14,OPAQUE — empty stem; transcribe Q from PDF,UNCLASSIFIED,,GEN_UNC,,,chsl/Tier 2/SSC-CHSL-2022-Tier-II-Official-Paper-Held-On-26-Jun-2023-Shift-1-English.pdf
SSC-CHSL-2022-Tier-II-Official-Paper-Held-On-26-Jun-2023-Shift-1-English.json,Ssc,135,pyq_643b1c9c2e2fe4e9_p15,OPAQUE — empty stem; transcribe Q from PDF,UNCLASSIFIED,,GEN_UNC,,,chsl/Tier 2/SSC-CHSL-2022-Tier-II-Official-Paper-Held-On-26-Jun-2023-Shift-1-English.pdf
SSC-CHSL-Exam-2023-Tier-II-Official-Paper-Held-On_-02-Nov-2023-Shift-1-Eng.json,Ssc,4,pyq_ea21c2f87ecb1f2f_p4,OPAQUE — empty stem; transcribe Q from PDF,UNCLASSIFIED,,GEN_UNC,,,chsl/Tier 2/SSC-CHSL-Exam-2023-Tier-II-Official-Paper-Held-On_-02-Nov-2023-Shift-1-Eng.pdf
SSC-CHSL-Exam-2023-Tier-II-Official-Paper-Held-On_-02-Nov-2023-Shift-1-Eng.json,Ssc,5,pyq_ea21c2f87ecb1f2f_p5,OPAQUE — empty stem; transcribe Q from PDF,UNCLASSIFIED,,GEN_UNC,,,chsl/Tier 2/SSC-CHSL-Exam-2023-Tier-II-Official-Paper-Held-On_-02-Nov-2023-Shift-1-Eng.pdf
SSC-CHSL-Exam-2023-Tier-II-Official-Paper-Held-On_-02-Nov-2023-Shift-1-Eng.json,Ssc,6,pyq_ea21c2f87ecb1f2f_p6,OPAQUE — empty stem; transcribe Q from PDF,UNCLASSIFIED,,GEN_UNC,,,chsl/Tier 2/SSC-CHSL-Exam-2023-Tier-II-Official-Paper-Held-On_-02-Nov-2023-Shift-1-Eng.pdf
SSC-CHSL-Exam-2023-Tier-II-Official-Paper-Held-On_-02-Nov-2023-Shift-1-Eng.json,Ssc,9,pyq_ea21c2f87ecb1f2f_p9,OPAQUE — empty stem; transcribe Q from PDF,UNCLASSIFIED,,GEN_UNC,,,chsl/Tier 2/SSC-CHSL-Exam-2023-Tier-II-Official-Paper-Held-On_-02-Nov-2023-Shift-1-Eng.pdf
SSC-CHSL-Exam-2023-Tier-II-Official-Paper-Held-On_-02-Nov-2023-Shift-1-Eng.json,Ssc,18,pyq_ea21c2f87ecb1f2f_p18,OPAQUE — empty stem; transcribe Q from PDF,UNCLASSIFIED,,GEN_UNC,,,chsl/Tier 2/SSC-CHSL-Exam-2023-Tier-II-Official-Paper-Held-On_-02-Nov-2023-Shift-1-Eng.pdf
SSC-CHSL-Exam-2023-Tier-II-Official-Paper-Held-On_-02-Nov-2023-Shift-1-Eng.json,Ssc,19,pyq_ea21c2f87ecb1f2f_p19,OPAQUE — empty stem; transcribe Q from PDF,UNCLASSIFIED,,GEN_UNC,,,chsl/Tier 2/SSC-CHSL-Exam-2023-Tier-II-Official-Paper-Held-On_-02-Nov-2023-Shift-1-Eng.pdf
SSC-CHSL-Exam-2023-Tier-II-Official-Paper-Held-On_-02-Nov-2023-Shift-1-Eng.json,Ssc,28,pyq_ea21c2f87ecb1f2f_p28,OPAQUE — empty stem; transcribe Q from PDF,UNCLASSIFIED,,GEN_UNC,,,chsl/Tier 2/SSC-CHSL-Exam-2023-Tier-II-Official-Paper-Held-On_-02-Nov-2023-Shift-1-Eng.pdf
SSC-CHSL-Exam-2023-Tier-II-Official-Paper-Held-On_-02-Nov-2023-Shift-1-Eng.json,Ssc,29,pyq_ea21c2f87ecb1f2f_p29,OPAQUE — empty stem; transcribe Q from PDF,UNCLASSIFIED,,GEN_UNC,,,chsl/Tier 2/SSC-CHSL-Exam-2023-Tier-II-Official-Paper-Held-On_-02-Nov-2023-Shift-1-Eng.pdf
SSC-CHSL-Exam-2023-Tier-II-Official-Paper-Held-On_-02-Nov-2023-Shift-1-Eng.json,Ssc,30,pyq_ea21c2f87ecb1f2f_p30,OPAQUE — empty stem; transcribe Q from PDF,UNCLASSIFIED,,GEN_UNC,,,chsl/Tier 2/SSC-CHSL-Exam-2023-Tier-II-Official-Paper-Held-On_-02-Nov-2023-Shift-1-Eng.pdf
SSC-CHSL-Exam-2023-Tier-II-Official-Paper-Held-On_-02-Nov-2023-Shift-1-Eng.json,Ssc,111,pyq_ea21c2f87ecb1f2f_p11,OPAQUE — empty stem; transcribe Q from PDF,UNCLASSIFIED,,GEN_UNC,,,chsl/Tier 2/SSC-CHSL-Exam-2023-Tier-II-Official-Paper-Held-On_-02-Nov-2023-Shift-1-Eng.pdf
SSC-CHSL-Exam-2023-Tier-II-Official-Paper-Held-On_-02-Nov-2023-Shift-1-Eng.json,Ssc,114,pyq_ea21c2f87ecb1f2f_p14,OPAQUE — empty stem; transcribe Q from PDF,UNCLASSIFIED,,GEN_UNC,,,chsl/Tier 2/SSC-CHSL-Exam-2023-Tier-II-Official-Paper-Held-On_-02-Nov-2023-Shift-1-Eng.pdf
SSC-CHSL-Exam-2023-Tier-II-Official-Paper-Held-On_-02-Nov-2023-Shift-1-Eng.json,Ssc,115,pyq_ea21c2f87ecb1f2f_p15,OPAQUE — empty stem; transcribe Q from PDF,UNCLASSIFIED,,GEN_UNC,,,chsl/Tier 2/SSC-CHSL-Exam-2023-Tier-II-Official-Paper-Held-On_-02-Nov-2023-Shift-1-Eng.pdf
SSC-CHSL-Exam-2023-Tier-II-Official-Paper-Held-On_-02-Nov-2023-Shift-1-Eng.json,Ssc,119,pyq_ea21c2f87ecb1f2f_p19,OPAQUE — empty stem; transcribe Q from PDF,UNCLASSIFIED,,GEN_UNC,,,chsl/Tier 2/SSC-CHSL-Exam-2023-Tier-II-Official-Paper-Held-On_-02-Nov-2023-Shift-1-Eng.pdf
SSC-CHSL-Exam-2023-Tier-II-Official-Paper-Held-On_-02-Nov-2023-Shift-1-Eng.json,Ssc,121,pyq_ea21c2f87ecb1f2f_p1,OPAQUE — empty stem; transcribe Q from PDF,UNCLASSIFIED,,GEN_UNC,,,chsl/Tier 2/SSC-CHSL-Exam-2023-Tier-II-Official-Paper-Held-On_-02-Nov-2023-Shift-1-Eng.pdf
SSC-CHSL-Exam-2023-Tier-II-Official-Paper-Held-On_-02-Nov-2023-Shift-1-Eng.json,Ssc,122,pyq_ea21c2f87ecb1f2f_p2,OPAQUE — empty stem; transcribe Q from PDF,UNCLASSIFIED,,GEN_UNC,,,chsl/Tier 2/SSC-CHSL-Exam-2023-Tier-II-Official-Paper-Held-On_-02-Nov-2023-Shift-1-Eng.pdf
SSC-CHSL-Exam-2023-Tier-II-Official-Paper-Held-On_-02-Nov-2023-Shift-1-Eng.json,Ssc,123,pyq_ea21c2f87ecb1f2f_p3,OPAQUE — empty stem; transcribe Q from PDF,UNCLASSIFIED,,GEN_UNC,,,chsl/Tier 2/SSC-CHSL-Exam-2023-Tier-II-Official-Paper-Held-On_-02-Nov-2023-Shift-1-Eng.pdf
SSC-CHSL-Exam-2023-Tier-II-Official-Paper-Held-On_-02-Nov-2023-Shift-1-Eng.json,Ssc,124,pyq_ea21c2f87ecb1f2f_p4,OPAQUE — empty stem; transcribe Q from PDF,UNCLASSIFIED,,GEN_UNC,,,chsl/Tier 2/SSC-CHSL-Exam-2023-Tier-II-Official-Paper-Held-On_-02-Nov-2023-Shift-1-Eng.pdf
SSC-CHSL-Exam-2023-Tier-II-Official-Paper-Held-On_-02-Nov-2023-Shift-1-Eng.json,Ssc,125,pyq_ea21c2f87ecb1f2f_p5,OPAQUE — empty stem; transcribe Q from PDF,UNCLASSIFIED,,GEN_UNC,,,chsl/Tier 2/SSC-CHSL-Exam-2023-Tier-II-Official-Paper-Held-On_-02-Nov-2023-Shift-1-Eng.pdf
SSC-CHSL-Exam-2023-Tier-II-Official-Paper-Held-On_-02-Nov-2023-Shift-1-Eng.json,Ssc,126,pyq_ea21c2f87ecb1f2f_p6,OPAQUE — empty stem; transcribe Q from PDF,UNCLASSIFIED,,GEN_UNC,,,chsl/Tier 2/SSC-CHSL-Exam-2023-Tier-II-Official-Paper-Held-On_-02-Nov-2023-Shift-1-Eng.pdf
SSC-CHSL-Exam-2023-Tier-II-Official-Paper-Held-On_-02-Nov-2023-Shift-1-Eng.json,Ssc,127,pyq_ea21c2f87ecb1f2f_p7,OPAQUE — empty stem; transcribe Q from PDF,UNCLASSIFIED,,GEN_UNC,,,chsl/Tier 2/SSC-CHSL-Exam-2023-Tier-II-Official-Paper-Held-On_-02-Nov-2023-Shift-1-Eng.pdf
SSC-CHSL-Exam-2023-Tier-II-Official-Paper-Held-On_-02-Nov-2023-Shift-1-Eng.json,Ssc,128,pyq_ea21c2f87ecb1f2f_p8,OPAQUE — empty stem; transcribe Q from PDF,UNCLASSIFIED,,GEN_UNC,,,chsl/Tier 2/SSC-CHSL-Exam-2023-Tier-II-Official-Paper-Held-On_-02-Nov-2023-Shift-1-Eng.pdf
SSC-CHSL-Exam-2023-Tier-II-Official-Paper-Held-On_-02-Nov-2023-Shift-1-Eng.json,Ssc,129,pyq_ea21c2f87ecb1f2f_p9,OPAQUE — empty stem; transcribe Q from PDF,UNCLASSIFIED,,GEN_UNC,,,chsl/Tier 2/SSC-CHSL-Exam-2023-Tier-II-Official-Paper-Held-On_-02-Nov-2023-Shift-1-Eng.pdf
SSC-CHSL-Exam-2023-Tier-II-Official-Paper-Held-On_-02-Nov-2023-Shift-1-Eng.json,Ssc,130,pyq_ea21c2f87ecb1f2f_p10,OPAQUE — empty stem; transcribe Q from PDF,UNCLASSIFIED,,GEN_UNC,,,chsl/Tier 2/SSC-CHSL-Exam-2023-Tier-II-Official-Paper-Held-On_-02-Nov-2023-Shift-1-Eng.pdf
SSC-CHSL-Exam-2023-Tier-II-Official-Paper-Held-On_-02-Nov-2023-Shift-1-Eng.json,Ssc,131,pyq_ea21c2f87ecb1f2f_p11,OPAQUE — empty stem; transcribe Q from PDF,UNCLASSIFIED,,GEN_UNC,,,chsl/Tier 2/SSC-CHSL-Exam-2023-Tier-II-Official-Paper-Held-On_-02-Nov-2023-Shift-1-Eng.pdf
SSC-CHSL-Exam-2023-Tier-II-Official-Paper-Held-On_-02-Nov-2023-Shift-1-Eng.json,Ssc,132,pyq_ea21c2f87ecb1f2f_p12,OPAQUE — empty stem; transcribe Q from PDF,UNCLASSIFIED,,GEN_UNC,,,chsl/Tier 2/SSC-CHSL-Exam-2023-Tier-II-Official-Paper-Held-On_-02-Nov-2023-Shift-1-Eng.pdf
SSC-CHSL-Exam-2023-Tier-II-Official-Paper-Held-On_-02-Nov-2023-Shift-1-Eng.json,Ssc,133,pyq_ea21c2f87ecb1f2f_p13,OPAQUE — empty stem; transcribe Q from PDF,UNCLASSIFIED,,GEN_UNC,,,chsl/Tier 2/SSC-CHSL-Exam-2023-Tier-II-Official-Paper-Held-On_-02-Nov-2023-Shift-1-Eng.pdf
SSC-CHSL-Exam-2023-Tier-II-Official-Paper-Held-On_-02-Nov-2023-Shift-1-Eng.json,Ssc,134,pyq_ea21c2f87ecb1f2f_p14,OPAQUE — empty stem; transcribe Q from PDF,UNCLASSIFIED,,GEN_UNC,,,chsl/Tier 2/SSC-CHSL-Exam-2023-Tier-II-Official-Paper-Held-On_-02-Nov-2023-Shift-1-Eng.pdf
SSC-CHSL-Exam-2023-Tier-II-Official-Paper-Held-On_-02-Nov-2023-Shift-1-Eng.json,Ssc,135,pyq_ea21c2f87ecb1f2f_p15,OPAQUE — empty stem; transcribe Q from PDF,UNCLASSIFIED,,GEN_UNC,,,chsl/Tier 2/SSC-CHSL-Exam-2023-Tier-II-Official-Paper-Held-On_-02-Nov-2023-Shift-1-Eng.pdf
SSC-CHSL-Exam-2023-Tier-II-Official-Paper-Held-On_-10-Jan-2024-Shift-1-Eng.json,Ssc,5,pyq_cb959dba71432696_p5,OPAQUE — empty stem; transcribe Q from PDF,UNCLASSIFIED,,GEN_UNC,,,chsl/Tier 2/SSC-CHSL-Exam-2023-Tier-II-Official-Paper-Held-On_-10-Jan-2024-Shift-1-Eng.pdf
SSC-CHSL-Exam-2023-Tier-II-Official-Paper-Held-On_-10-Jan-2024-Shift-1-Eng.json,Ssc,14,pyq_cb959dba71432696_p14,OPAQUE — empty stem; transcribe Q from PDF,UNCLASSIFIED,,GEN_UNC,,,chsl/Tier 2/SSC-CHSL-Exam-2023-Tier-II-Official-Paper-Held-On_-10-Jan-2024-Shift-1-Eng.pdf
SSC-CHSL-Exam-2023-Tier-II-Official-Paper-Held-On_-10-Jan-2024-Shift-1-Eng.json,Ssc,25,pyq_cb959dba71432696_p25,OPAQUE — empty stem; transcribe Q from PDF,UNCLASSIFIED,,GEN_UNC,,,chsl/Tier 2/SSC-CHSL-Exam-2023-Tier-II-Official-Paper-Held-On_-10-Jan-2024-Shift-1-Eng.pdf
SSC-CHSL-Exam-2023-Tier-II-Official-Paper-Held-On_-10-Jan-2024-Shift-1-Eng.json,Ssc,27,pyq_cb959dba71432696_p27,OPAQUE — empty stem; transcribe Q from PDF,UNCLASSIFIED,,GEN_UNC,,,chsl/Tier 2/SSC-CHSL-Exam-2023-Tier-II-Official-Paper-Held-On_-10-Jan-2024-Shift-1-Eng.pdf
SSC-CHSL-Exam-2023-Tier-II-Official-Paper-Held-On_-10-Jan-2024-Shift-1-Eng.json,Ssc,109,pyq_cb959dba71432696_p9,OPAQUE — empty stem; transcribe Q from PDF,UNCLASSIFIED,,GEN_UNC,,,chsl/Tier 2/SSC-CHSL-Exam-2023-Tier-II-Official-Paper-Held-On_-10-Jan-2024-Shift-1-Eng.pdf
SSC-CHSL-Exam-2023-Tier-II-Official-Paper-Held-On_-10-Jan-2024-Shift-1-Eng.json,Ssc,116,pyq_cb959dba71432696_p16,OPAQUE — empty stem; transcribe Q from PDF,UNCLASSIFIED,,GEN_UNC,,,chsl/Tier 2/SSC-CHSL-Exam-2023-Tier-II-Official-Paper-Held-On_-10-Jan-2024-Shift-1-Eng.pdf
SSC-CHSL-Exam-2023-Tier-II-Official-Paper-Held-On_-10-Jan-2024-Shift-1-Eng.json,Ssc,117,pyq_cb959dba71432696_p17,OPAQUE — empty stem; transcribe Q from PDF,UNCLASSIFIED,,GEN_UNC,,,chsl/Tier 2/SSC-CHSL-Exam-2023-Tier-II-Official-Paper-Held-On_-10-Jan-2024-Shift-1-Eng.pdf
SSC-CHSL-Exam-2023-Tier-II-Official-Paper-Held-On_-10-Jan-2024-Shift-1-Eng.json,Ssc,121,pyq_cb959dba71432696_p1,OPAQUE — empty stem; transcribe Q from PDF,UNCLASSIFIED,,GEN_UNC,,,chsl/Tier 2/SSC-CHSL-Exam-2023-Tier-II-Official-Paper-Held-On_-10-Jan-2024-Shift-1-Eng.pdf
SSC-CHSL-Exam-2023-Tier-II-Official-Paper-Held-On_-10-Jan-2024-Shift-1-Eng.json,Ssc,122,pyq_cb959dba71432696_p2,OPAQUE — empty stem; transcribe Q from PDF,UNCLASSIFIED,,GEN_UNC,,,chsl/Tier 2/SSC-CHSL-Exam-2023-Tier-II-Official-Paper-Held-On_-10-Jan-2024-Shift-1-Eng.pdf
SSC-CHSL-Exam-2023-Tier-II-Official-Paper-Held-On_-10-Jan-2024-Shift-1-Eng.json,Ssc,123,pyq_cb959dba71432696_p3,OPAQUE — empty stem; transcribe Q from PDF,UNCLASSIFIED,,GEN_UNC,,,chsl/Tier 2/SSC-CHSL-Exam-2023-Tier-II-Official-Paper-Held-On_-10-Jan-2024-Shift-1-Eng.pdf
SSC-CHSL-Exam-2023-Tier-II-Official-Paper-Held-On_-10-Jan-2024-Shift-1-Eng.json,Ssc,124,pyq_cb959dba71432696_p4,OPAQUE — empty stem; transcribe Q from PDF,UNCLASSIFIED,,GEN_UNC,,,chsl/Tier 2/SSC-CHSL-Exam-2023-Tier-II-Official-Paper-Held-On_-10-Jan-2024-Shift-1-Eng.pdf
SSC-CHSL-Exam-2023-Tier-II-Official-Paper-Held-On_-10-Jan-2024-Shift-1-Eng.json,Ssc,125,pyq_cb959dba71432696_p5,OPAQUE — empty stem; transcribe Q from PDF,UNCLASSIFIED,,GEN_UNC,,,chsl/Tier 2/SSC-CHSL-Exam-2023-Tier-II-Official-Paper-Held-On_-10-Jan-2024-Shift-1-Eng.pdf
SSC-CHSL-Exam-2023-Tier-II-Official-Paper-Held-On_-10-Jan-2024-Shift-1-Eng.json,Ssc,126,pyq_cb959dba71432696_p6,OPAQUE — empty stem; transcribe Q from PDF,UNCLASSIFIED,,GEN_UNC,,,chsl/Tier 2/SSC-CHSL-Exam-2023-Tier-II-Official-Paper-Held-On_-10-Jan-2024-Shift-1-Eng.pdf
SSC-CHSL-Exam-2023-Tier-II-Official-Paper-Held-On_-10-Jan-2024-Shift-1-Eng.json,Ssc,127,pyq_cb959dba71432696_p7,OPAQUE — empty stem; transcribe Q from PDF,UNCLASSIFIED,,GEN_UNC,,,chsl/Tier 2/SSC-CHSL-Exam-2023-Tier-II-Official-Paper-Held-On_-10-Jan-2024-Shift-1-Eng.pdf
SSC-CHSL-Exam-2023-Tier-II-Official-Paper-Held-On_-10-Jan-2024-Shift-1-Eng.json,Ssc,128,pyq_cb959dba71432696_p8,OPAQUE — empty stem; transcribe Q from PDF,UNCLASSIFIED,,GEN_UNC,,,chsl/Tier 2/SSC-CHSL-Exam-2023-Tier-II-Official-Paper-Held-On_-10-Jan-2024-Shift-1-Eng.pdf
SSC-CHSL-Exam-2023-Tier-II-Official-Paper-Held-On_-10-Jan-2024-Shift-1-Eng.json,Ssc,129,pyq_cb959dba71432696_p9,OPAQUE — empty stem; transcribe Q from PDF,UNCLASSIFIED,,GEN_UNC,,,chsl/Tier 2/SSC-CHSL-Exam-2023-Tier-II-Official-Paper-Held-On_-10-Jan-2024-Shift-1-Eng.pdf
SSC-CHSL-Exam-2023-Tier-II-Official-Paper-Held-On_-10-Jan-2024-Shift-1-Eng.json,Ssc,130,pyq_cb959dba71432696_p10,OPAQUE — empty stem; transcribe Q from PDF,UNCLASSIFIED,,GEN_UNC,,,chsl/Tier 2/SSC-CHSL-Exam-2023-Tier-II-Official-Paper-Held-On_-10-Jan-2024-Shift-1-Eng.pdf
SSC-CHSL-Exam-2023-Tier-II-Official-Paper-Held-On_-10-Jan-2024-Shift-1-Eng.json,Ssc,131,pyq_cb959dba71432696_p11,OPAQUE — empty stem; transcribe Q from PDF,UNCLASSIFIED,,GEN_UNC,,,chsl/Tier 2/SSC-CHSL-Exam-2023-Tier-II-Official-Paper-Held-On_-10-Jan-2024-Shift-1-Eng.pdf
SSC-CHSL-Exam-2023-Tier-II-Official-Paper-Held-On_-10-Jan-2024-Shift-1-Eng.json,Ssc,132,pyq_cb959dba71432696_p12,OPAQUE — empty stem; transcribe Q from PDF,UNCLASSIFIED,,GEN_UNC,,,chsl/Tier 2/SSC-CHSL-Exam-2023-Tier-II-Official-Paper-Held-On_-10-Jan-2024-Shift-1-Eng.pdf
SSC-CHSL-Exam-2023-Tier-II-Official-Paper-Held-On_-10-Jan-2024-Shift-1-Eng.json,Ssc,133,pyq_cb959dba71432696_p13,OPAQUE — empty stem; transcribe Q from PDF,UNCLASSIFIED,,GEN_UNC,,,chsl/Tier 2/SSC-CHSL-Exam-2023-Tier-II-Official-Paper-Held-On_-10-Jan-2024-Shift-1-Eng.pdf
SSC-CHSL-Exam-2023-Tier-II-Official-Paper-Held-On_-10-Jan-2024-Shift-1-Eng.json,Ssc,134,pyq_cb959dba71432696_p14,OPAQUE — empty stem; transcribe Q from PDF,UNCLASSIFIED,,GEN_UNC,,,chsl/Tier 2/SSC-CHSL-Exam-2023-Tier-II-Official-Paper-Held-On_-10-Jan-2024-Shift-1-Eng.pdf
SSC-CHSL-Exam-2023-Tier-II-Official-Paper-Held-On_-10-Jan-2024-Shift-1-Eng.json,Ssc,135,pyq_cb959dba71432696_p15,OPAQUE — empty stem; transcribe Q from PDF,UNCLASSIFIED,,GEN_UNC,,,chsl/Tier 2/SSC-CHSL-Exam-2023-Tier-II-Official-Paper-Held-On_-10-Jan-2024-Shift-1-Eng.pdf
SSC-CHSL-Tier-II-Exam-2024-Official-Paper-Held-On_-18-Nov-2024-Eng.json,Ssc,3,pyq_bb5ff5dc6c3ee0da_p3,OPAQUE — empty stem; transcribe Q from PDF,UNCLASSIFIED,,GEN_UNC,,,chsl/Tier 2/SSC-CHSL-Tier-II-Exam-2024-Official-Paper-Held-On_-18-Nov-2024-Eng.pdf
SSC-CHSL-Tier-II-Exam-2024-Official-Paper-Held-On_-18-Nov-2024-Eng.json,Ssc,5,pyq_bb5ff5dc6c3ee0da_p6,OPAQUE — empty stem; transcribe Q from PDF,UNCLASSIFIED,,GEN_UNC,,,chsl/Tier 2/SSC-CHSL-Tier-II-Exam-2024-Official-Paper-Held-On_-18-Nov-2024-Eng.pdf
SSC-CHSL-Tier-II-Exam-2024-Official-Paper-Held-On_-18-Nov-2024-Eng.json,Ssc,7,pyq_bb5ff5dc6c3ee0da_p9,OPAQUE — empty stem; transcribe Q from PDF,UNCLASSIFIED,,GEN_UNC,,,chsl/Tier 2/SSC-CHSL-Tier-II-Exam-2024-Official-Paper-Held-On_-18-Nov-2024-Eng.pdf
SSC-CHSL-Tier-II-Exam-2024-Official-Paper-Held-On_-18-Nov-2024-Eng.json,Ssc,10,pyq_bb5ff5dc6c3ee0da_p12,OPAQUE — empty stem; transcribe Q from PDF,UNCLASSIFIED,,GEN_UNC,,,chsl/Tier 2/SSC-CHSL-Tier-II-Exam-2024-Official-Paper-Held-On_-18-Nov-2024-Eng.pdf
SSC-CHSL-Tier-II-Exam-2024-Official-Paper-Held-On_-18-Nov-2024-Eng.json,Ssc,13,pyq_bb5ff5dc6c3ee0da_p16,OPAQUE — empty stem; transcribe Q from PDF,UNCLASSIFIED,,GEN_UNC,,,chsl/Tier 2/SSC-CHSL-Tier-II-Exam-2024-Official-Paper-Held-On_-18-Nov-2024-Eng.pdf
SSC-CHSL-Tier-II-Exam-2024-Official-Paper-Held-On_-18-Nov-2024-Eng.json,Ssc,15,pyq_bb5ff5dc6c3ee0da_p18,OPAQUE — empty stem; transcribe Q from PDF,UNCLASSIFIED,,GEN_UNC,,,chsl/Tier 2/SSC-CHSL-Tier-II-Exam-2024-Official-Paper-Held-On_-18-Nov-2024-Eng.pdf
SSC-CHSL-Tier-II-Exam-2024-Official-Paper-Held-On_-18-Nov-2024-Eng.json,Ssc,21,pyq_bb5ff5dc6c3ee0da_p24,OPAQUE — empty stem; transcribe Q from PDF,UNCLASSIFIED,,GEN_UNC,,,chsl/Tier 2/SSC-CHSL-Tier-II-Exam-2024-Official-Paper-Held-On_-18-Nov-2024-Eng.pdf
rrb-ntpc-2024-graduate-level-cbt-2-question-paper-english-13-oct-2025-shift-1-1760760440.json,Rrb,17,pyq_b030799c0b621f8d_p17,OPAQUE — empty stem; transcribe Q from PDF,UNCLASSIFIED,,GEN_UNC,,,RRB/NTPC/CBT 2/rrb-ntpc-2024-graduate-level-cbt-2-question-paper-english-13-oct-2025-shift-1-1760760440.pdf
rrb-ntpc-2024-graduate-level-cbt-2-question-paper-english-13-oct-2025-shift-1-1760760440.json,Rrb,18,pyq_b030799c0b621f8d_p18,OPAQUE — empty stem; transcribe Q from PDF,UNCLASSIFIED,,GEN_UNC,,,RRB/NTPC/CBT 2/rrb-ntpc-2024-graduate-level-cbt-2-question-paper-english-13-oct-2025-shift-1-1760760440.pdf
rrb-ntpc-2024-graduate-level-cbt-2-question-paper-english-13-oct-2025-shift-1-1760760440.json,Rrb,22,pyq_b030799c0b621f8d_p22,OPAQUE — empty stem; transcribe Q from PDF,UNCLASSIFIED,,GEN_UNC,,,RRB/NTPC/CBT 2/rrb-ntpc-2024-graduate-level-cbt-2-question-paper-english-13-oct-2025-shift-1-1760760440.pdf
rrb-ntpc-2024-graduate-level-cbt-2-question-paper-english-13-oct-2025-shift-1-1760760440.json,Rrb,29,pyq_b030799c0b621f8d_p29,OPAQUE — empty stem; transcribe Q from PDF,UNCLASSIFIED,,GEN_UNC,,,RRB/NTPC/CBT 2/rrb-ntpc-2024-graduate-level-cbt-2-question-paper-english-13-oct-2025-shift-1-1760760440.pdf
rrb-ntpc-2024-graduate-level-cbt-2-question-paper-english-13-oct-2025-shift-1-1760760440.json,Rrb,30,pyq_b030799c0b621f8d_p30,OPAQUE — empty stem; transcribe Q from PDF,UNCLASSIFIED,,GEN_UNC,,,RRB/NTPC/CBT 2/rrb-ntpc-2024-graduate-level-cbt-2-question-paper-english-13-oct-2025-shift-1-1760760440.pdf
rrb-ntpc-2024-graduate-level-cbt-2-question-paper-english-13-oct-2025-shift-1-1760760440.json,Rrb,42,pyq_b030799c0b621f8d_p42,OPAQUE — empty stem; transcribe Q from PDF,UNCLASSIFIED,,GEN_UNC,,,RRB/NTPC/CBT 2/rrb-ntpc-2024-graduate-level-cbt-2-question-paper-english-13-oct-2025-shift-1-1760760440.pdf
rrb-ntpc-2024-graduate-level-cbt-2-question-paper-english-13-oct-2025-shift-1-1760760440.json,Rrb,52,pyq_b030799c0b621f8d_p52,OPAQUE — empty stem; transcribe Q from PDF,UNCLASSIFIED,,GEN_UNC,,,RRB/NTPC/CBT 2/rrb-ntpc-2024-graduate-level-cbt-2-question-paper-english-13-oct-2025-shift-1-1760760440.pdf
rrb-ntpc-2024-graduate-level-cbt-2-question-paper-english-13-oct-2025-shift-1-1760760440.json,Rrb,78,pyq_b030799c0b621f8d_p78,OPAQUE — empty stem; transcribe Q from PDF,UNCLASSIFIED,,GEN_UNC,,,RRB/NTPC/CBT 2/rrb-ntpc-2024-graduate-level-cbt-2-question-paper-english-13-oct-2025-shift-1-1760760440.pdf
rrb-ntpc-2024-graduate-level-cbt-2-question-paper-english-13-oct-2025-shift-1-1760760440.json,Rrb,81,pyq_b030799c0b621f8d_p81,OPAQUE — empty stem; transcribe Q from PDF,UNCLASSIFIED,,GEN_UNC,,,RRB/NTPC/CBT 2/rrb-ntpc-2024-graduate-level-cbt-2-question-paper-english-13-oct-2025-shift-1-1760760440.pdf
rrb-ntpc-2024-graduate-level-cbt-2-question-paper-english-13-oct-2025-shift-1-1760760440.json,Rrb,97,pyq_b030799c0b621f8d_p97,OPAQUE — empty stem; transcribe Q from PDF,UNCLASSIFIED,,GEN_UNC,,,RRB/NTPC/CBT 2/rrb-ntpc-2024-graduate-level-cbt-2-question-paper-english-13-oct-2025-shift-1-1760760440.pdf
rrb-ntpc-2024-graduate-level-cbt-2-question-paper-english-13-oct-2025-shift-1-1760760440.json,Rrb,99,pyq_b030799c0b621f8d_p99,OPAQUE — empty stem; transcribe Q from PDF,UNCLASSIFIED,,GEN_UNC,,,RRB/NTPC/CBT 2/rrb-ntpc-2024-graduate-level-cbt-2-question-paper-english-13-oct-2025-shift-1-1760760440.pdf
rrb-ntpc-2024-graduate-level-cbt-2-question-paper-english-13-oct-2025-shift-1-1760760440.json,Rrb,115,pyq_b030799c0b621f8d_p115,OPAQUE — empty stem; transcribe Q from PDF,UNCLASSIFIED,,GEN_UNC,,,RRB/NTPC/CBT 2/rrb-ntpc-2024-graduate-level-cbt-2-question-paper-english-13-oct-2025-shift-1-1760760440.pdf
rrb-ntpc-2024-graduate-level-cbt-2-question-paper-english-13-oct-2025-shift-1-1760760440.json,Rrb,118,pyq_b030799c0b621f8d_p118,OPAQUE — empty stem; transcribe Q from PDF,UNCLASSIFIED,,GEN_UNC,,,RRB/NTPC/CBT 2/rrb-ntpc-2024-graduate-level-cbt-2-question-paper-english-13-oct-2025-shift-1-1760760440.pdf
rrb-ntpc-2024-graduate-level-cbt-2-question-paper-english-13-oct-2025-shift-2-1760760440.json,Rrb,7,pyq_ec863a1e7b61112c_p7,OPAQUE — empty stem; transcribe Q from PDF,UNCLASSIFIED,,GEN_UNC,,,RRB/NTPC/CBT 2/rrb-ntpc-2024-graduate-level-cbt-2-question-paper-english-13-oct-2025-shift-2-1760760440.pdf
rrb-ntpc-2024-graduate-level-cbt-2-question-paper-english-13-oct-2025-shift-2-1760760440.json,Rrb,9,pyq_ec863a1e7b61112c_p9,OPAQUE — empty stem; transcribe Q from PDF,UNCLASSIFIED,,GEN_UNC,,,RRB/NTPC/CBT 2/rrb-ntpc-2024-graduate-level-cbt-2-question-paper-english-13-oct-2025-shift-2-1760760440.pdf
rrb-ntpc-2024-graduate-level-cbt-2-question-paper-english-13-oct-2025-shift-2-1760760440.json,Rrb,10,pyq_ec863a1e7b61112c_p10,OPAQUE — empty stem; transcribe Q from PDF,UNCLASSIFIED,,GEN_UNC,8,,RRB/NTPC/CBT 2/rrb-ntpc-2024-graduate-level-cbt-2-question-paper-english-13-oct-2025-shift-2-1760760440.pdf
rrb-ntpc-2024-graduate-level-cbt-2-question-paper-english-13-oct-2025-shift-2-1760760440.json,Rrb,22,pyq_ec863a1e7b61112c_p22,OPAQUE — empty stem; transcribe Q from PDF,UNCLASSIFIED,,GEN_UNC,1,,RRB/NTPC/CBT 2/rrb-ntpc-2024-graduate-level-cbt-2-question-paper-english-13-oct-2025-shift-2-1760760440.pdf
rrb-ntpc-2024-graduate-level-cbt-2-question-paper-english-13-oct-2025-shift-2-1760760440.json,Rrb,44,pyq_ec863a1e7b61112c_p44,OPAQUE — empty stem; transcribe Q from PDF,UNCLASSIFIED,,GEN_UNC,,,RRB/NTPC/CBT 2/rrb-ntpc-2024-graduate-level-cbt-2-question-paper-english-13-oct-2025-shift-2-1760760440.pdf
rrb-ntpc-2024-graduate-level-cbt-2-question-paper-english-13-oct-2025-shift-2-1760760440.json,Rrb,53,pyq_ec863a1e7b61112c_p53,OPAQUE — empty stem; transcribe Q from PDF,UNCLASSIFIED,,GEN_UNC,,,RRB/NTPC/CBT 2/rrb-ntpc-2024-graduate-level-cbt-2-question-paper-english-13-oct-2025-shift-2-1760760440.pdf
rrb-ntpc-2024-graduate-level-cbt-2-question-paper-english-13-oct-2025-shift-2-1760760440.json,Rrb,54,pyq_ec863a1e7b61112c_p54,OPAQUE — empty stem; transcribe Q from PDF,UNCLASSIFIED,,GEN_UNC,,,RRB/NTPC/CBT 2/rrb-ntpc-2024-graduate-level-cbt-2-question-paper-english-13-oct-2025-shift-2-1760760440.pdf
rrb-ntpc-2024-graduate-level-cbt-2-question-paper-english-13-oct-2025-shift-2-1760760440.json,Rrb,77,pyq_ec863a1e7b61112c_p77,OPAQUE — empty stem; transcribe Q from PDF,UNCLASSIFIED,,GEN_UNC,,,RRB/NTPC/CBT 2/rrb-ntpc-2024-graduate-level-cbt-2-question-paper-english-13-oct-2025-shift-2-1760760440.pdf
rrb-ntpc-2024-graduate-level-cbt-2-question-paper-english-13-oct-2025-shift-2-1760760440.json,Rrb,82,pyq_ec863a1e7b61112c_p82,OPAQUE — empty stem; transcribe Q from PDF,UNCLASSIFIED,,GEN_UNC,,,RRB/NTPC/CBT 2/rrb-ntpc-2024-graduate-level-cbt-2-question-paper-english-13-oct-2025-shift-2-1760760440.pdf
rrb-ntpc-2024-graduate-level-cbt-2-question-paper-english-13-oct-2025-shift-2-1760760440.json,Rrb,90,pyq_ec863a1e7b61112c_p90,OPAQUE — empty stem; transcribe Q from PDF,UNCLASSIFIED,,GEN_UNC,,,RRB/NTPC/CBT 2/rrb-ntpc-2024-graduate-level-cbt-2-question-paper-english-13-oct-2025-shift-2-1760760440.pdf
rrb-ntpc-2024-graduate-level-cbt-2-question-paper-english-13-oct-2025-shift-2-1760760440.json,Rrb,108,pyq_ec863a1e7b61112c_p108,OPAQUE — empty stem; transcribe Q from PDF,UNCLASSIFIED,,GEN_UNC,,,RRB/NTPC/CBT 2/rrb-ntpc-2024-graduate-level-cbt-2-question-paper-english-13-oct-2025-shift-2-1760760440.pdf
rrb-ntpc-2024-graduate-level-cbt-2-question-paper-english-13-oct-2025-shift-2-1760760440.json,Rrb,117,pyq_ec863a1e7b61112c_p117,OPAQUE — empty stem; transcribe Q from PDF,UNCLASSIFIED,,GEN_UNC,,,RRB/NTPC/CBT 2/rrb-ntpc-2024-graduate-level-cbt-2-question-paper-english-13-oct-2025-shift-2-1760760440.pdf
rrb-ntpc-2025-graduate-level-cbt-1-question-paper-and-answer-key-pdf-english-mar-16-2026-shift-1-1775545008.json,Rrb,13,pyq_737440f4cba0bfd4_p13,OPAQUE — empty stem; transcribe Q from PDF,UNCLASSIFIED,,GEN_UNC,,,RRB/NTPC/CBT 1/rrb-ntpc-2025-graduate-level-cbt-1-question-paper-and-answer-key-pdf-english-mar-16-2026-shift-1-1775545008.pdf
rrb-ntpc-2025-graduate-level-cbt-1-question-paper-and-answer-key-pdf-english-mar-16-2026-shift-1-1775545008.json,Rrb,31,pyq_737440f4cba0bfd4_p31,OPAQUE — empty stem; transcribe Q from PDF,UNCLASSIFIED,,GEN_UNC,625,,RRB/NTPC/CBT 1/rrb-ntpc-2025-graduate-level-cbt-1-question-paper-and-answer-key-pdf-english-mar-16-2026-shift-1-1775545008.pdf
rrb-ntpc-2025-graduate-level-cbt-1-question-paper-and-answer-key-pdf-english-mar-16-2026-shift-1-1775545008.json,Rrb,49,pyq_737440f4cba0bfd4_p49,OPAQUE — empty stem; transcribe Q from PDF,UNCLASSIFIED,,GEN_UNC,,,RRB/NTPC/CBT 1/rrb-ntpc-2025-graduate-level-cbt-1-question-paper-and-answer-key-pdf-english-mar-16-2026-shift-1-1775545008.pdf
rrb-ntpc-2025-graduate-level-cbt-1-question-paper-and-answer-key-pdf-english-mar-16-2026-shift-1-1775545008.json,Rrb,51,pyq_737440f4cba0bfd4_p51,OPAQUE — empty stem; transcribe Q from PDF,UNCLASSIFIED,,GEN_UNC,,,RRB/NTPC/CBT 1/rrb-ntpc-2025-graduate-level-cbt-1-question-paper-and-answer-key-pdf-english-mar-16-2026-shift-1-1775545008.pdf
rrb-ntpc-2025-graduate-level-cbt-1-question-paper-and-answer-key-pdf-english-mar-16-2026-shift-1-1775545008.json,Rrb,56,pyq_737440f4cba0bfd4_p56,OPAQUE — empty stem; transcribe Q from PDF,UNCLASSIFIED,,GEN_UNC,2178,,RRB/NTPC/CBT 1/rrb-ntpc-2025-graduate-level-cbt-1-question-paper-and-answer-key-pdf-english-mar-16-2026-shift-1-1775545008.pdf
rrb-ntpc-2025-graduate-level-cbt-1-question-paper-and-answer-key-pdf-english-mar-16-2026-shift-1-1775545008.json,Rrb,63,pyq_737440f4cba0bfd4_p63,OPAQUE — empty stem; transcribe Q from PDF,UNCLASSIFIED,,GEN_UNC,,,RRB/NTPC/CBT 1/rrb-ntpc-2025-graduate-level-cbt-1-question-paper-and-answer-key-pdf-english-mar-16-2026-shift-1-1775545008.pdf
rrb-ntpc-2025-graduate-level-cbt-1-question-paper-and-answer-key-pdf-english-mar-16-2026-shift-2-1775545008.json,Rrb,22,pyq_80e8f1d1d18d9be8_p22,OPAQUE — empty stem; transcribe Q from PDF,UNCLASSIFIED,,GEN_UNC,,,RRB/NTPC/CBT 1/rrb-ntpc-2025-graduate-level-cbt-1-question-paper-and-answer-key-pdf-english-mar-16-2026-shift-2-1775545008.pdf
rrb-ntpc-2025-graduate-level-cbt-1-question-paper-and-answer-key-pdf-english-mar-16-2026-shift-2-1775545008.json,Rrb,50,pyq_80e8f1d1d18d9be8_p50,OPAQUE — empty stem; transcribe Q from PDF,UNCLASSIFIED,,GEN_UNC,3398,,RRB/NTPC/CBT 1/rrb-ntpc-2025-graduate-level-cbt-1-question-paper-and-answer-key-pdf-english-mar-16-2026-shift-2-1775545008.pdf
rrb-ntpc-2025-graduate-level-cbt-1-question-paper-and-answer-key-pdf-english-mar-16-2026-shift-2-1775545008.json,Rrb,56,pyq_80e8f1d1d18d9be8_p56,OPAQUE — empty stem; transcribe Q from PDF,UNCLASSIFIED,,GEN_UNC,,,RRB/NTPC/CBT 1/rrb-ntpc-2025-graduate-level-cbt-1-question-paper-and-answer-key-pdf-english-mar-16-2026-shift-2-1775545008.pdf
rrb-ntpc-2025-graduate-level-cbt-1-question-paper-and-answer-key-pdf-english-mar-16-2026-shift-2-1775545008.json,Rrb,72,pyq_80e8f1d1d18d9be8_p72,OPAQUE — empty stem; transcribe Q from PDF,UNCLASSIFIED,,GEN_UNC,,,RRB/NTPC/CBT 1/rrb-ntpc-2025-graduate-level-cbt-1-question-paper-and-answer-key-pdf-english-mar-16-2026-shift-2-1775545008.pdf
rrb-ntpc-2025-graduate-level-cbt-1-question-paper-and-answer-key-pdf-english-mar-16-2026-shift-2-1775545008.json,Rrb,90,pyq_80e8f1d1d18d9be8_p90,OPAQUE — empty stem; transcribe Q from PDF,UNCLASSIFIED,,GEN_UNC,,,RRB/NTPC/CBT 1/rrb-ntpc-2025-graduate-level-cbt-1-question-paper-and-answer-key-pdf-english-mar-16-2026-shift-2-1775545008.pdf
rrb-ntpc-2025-graduate-level-cbt-1-question-paper-and-answer-key-pdf-english-mar-16-2026-shift-2-1775545008.json,Rrb,94,pyq_80e8f1d1d18d9be8_p94,OPAQUE — empty stem; transcribe Q from PDF,UNCLASSIFIED,,GEN_UNC,,,RRB/NTPC/CBT 1/rrb-ntpc-2025-graduate-level-cbt-1-question-paper-and-answer-key-pdf-english-mar-16-2026-shift-2-1775545008.pdf
rrb-ntpc-2025-graduate-level-cbt-1-question-paper-and-answer-key-pdf-english-mar-16-2026-shift-3-1775545008.json,Rrb,5,pyq_54f7ae4f43268f17_p5,OPAQUE — empty stem; transcribe Q from PDF,UNCLASSIFIED,,GEN_UNC,,,RRB/NTPC/CBT 1/rrb-ntpc-2025-graduate-level-cbt-1-question-paper-and-answer-key-pdf-english-mar-16-2026-shift-3-1775545008.pdf
rrb-ntpc-2025-graduate-level-cbt-1-question-paper-and-answer-key-pdf-english-mar-16-2026-shift-3-1775545008.json,Rrb,6,pyq_54f7ae4f43268f17_p6,OPAQUE — empty stem; transcribe Q from PDF,UNCLASSIFIED,,GEN_UNC,,,RRB/NTPC/CBT 1/rrb-ntpc-2025-graduate-level-cbt-1-question-paper-and-answer-key-pdf-english-mar-16-2026-shift-3-1775545008.pdf
rrb-ntpc-2025-graduate-level-cbt-1-question-paper-and-answer-key-pdf-english-mar-16-2026-shift-3-1775545008.json,Rrb,37,pyq_54f7ae4f43268f17_p37,OPAQUE — empty stem; transcribe Q from PDF,UNCLASSIFIED,,GEN_UNC,,,RRB/NTPC/CBT 1/rrb-ntpc-2025-graduate-level-cbt-1-question-paper-and-answer-key-pdf-english-mar-16-2026-shift-3-1775545008.pdf
rrb-ntpc-2025-graduate-level-cbt-1-question-paper-and-answer-key-pdf-english-mar-16-2026-shift-3-1775545008.json,Rrb,39,pyq_54f7ae4f43268f17_p39,OPAQUE — empty stem; transcribe Q from PDF,UNCLASSIFIED,,GEN_UNC,,,RRB/NTPC/CBT 1/rrb-ntpc-2025-graduate-level-cbt-1-question-paper-and-answer-key-pdf-english-mar-16-2026-shift-3-1775545008.pdf
rrb-ntpc-2025-graduate-level-cbt-1-question-paper-and-answer-key-pdf-english-mar-16-2026-shift-3-1775545008.json,Rrb,41,pyq_54f7ae4f43268f17_p41,OPAQUE — empty stem; transcribe Q from PDF,UNCLASSIFIED,,GEN_UNC,,,RRB/NTPC/CBT 1/rrb-ntpc-2025-graduate-level-cbt-1-question-paper-and-answer-key-pdf-english-mar-16-2026-shift-3-1775545008.pdf
rrb-ntpc-2025-graduate-level-cbt-1-question-paper-and-answer-key-pdf-english-mar-16-2026-shift-3-1775545008.json,Rrb,56,pyq_54f7ae4f43268f17_p56,OPAQUE — empty stem; transcribe Q from PDF,UNCLASSIFIED,,GEN_UNC,,,RRB/NTPC/CBT 1/rrb-ntpc-2025-graduate-level-cbt-1-question-paper-and-answer-key-pdf-english-mar-16-2026-shift-3-1775545008.pdf
rrb-ntpc-2025-graduate-level-cbt-1-question-paper-and-answer-key-pdf-english-mar-16-2026-shift-3-1775545008.json,Rrb,68,pyq_54f7ae4f43268f17_p68,OPAQUE — empty stem; transcribe Q from PDF,UNCLASSIFIED,,GEN_UNC,,,RRB/NTPC/CBT 1/rrb-ntpc-2025-graduate-level-cbt-1-question-paper-and-answer-key-pdf-english-mar-16-2026-shift-3-1775545008.pdf
rrb-ntpc-2025-graduate-level-cbt-1-question-paper-and-answer-key-pdf-english-mar-16-2026-shift-3-1775545008.json,Rrb,74,pyq_54f7ae4f43268f17_p74,OPAQUE — empty stem; transcribe Q from PDF,UNCLASSIFIED,,GEN_UNC,3390,,RRB/NTPC/CBT 1/rrb-ntpc-2025-graduate-level-cbt-1-question-paper-and-answer-key-pdf-english-mar-16-2026-shift-3-1775545008.pdf
rrb-ntpc-2025-graduate-level-cbt-1-question-paper-and-answer-key-pdf-english-mar-17-2026-shift-1-1775545007.json,Rrb,1,pyq_2c30063e86e16a79_p1,OPAQUE — empty stem; transcribe Q from PDF,UNCLASSIFIED,,GEN_UNC,,,RRB/NTPC/CBT 1/rrb-ntpc-2025-graduate-level-cbt-1-question-paper-and-answer-key-pdf-english-mar-17-2026-shift-1-1775545007.pdf
rrb-ntpc-2025-graduate-level-cbt-1-question-paper-and-answer-key-pdf-english-mar-17-2026-shift-1-1775545007.json,Rrb,9,pyq_2c30063e86e16a79_p9,OPAQUE — empty stem; transcribe Q from PDF,UNCLASSIFIED,,GEN_UNC,,,RRB/NTPC/CBT 1/rrb-ntpc-2025-graduate-level-cbt-1-question-paper-and-answer-key-pdf-english-mar-17-2026-shift-1-1775545007.pdf
rrb-ntpc-2025-graduate-level-cbt-1-question-paper-and-answer-key-pdf-english-mar-17-2026-shift-1-1775545007.json,Rrb,20,pyq_2c30063e86e16a79_p20,OPAQUE — empty stem; transcribe Q from PDF,UNCLASSIFIED,,GEN_UNC,,,RRB/NTPC/CBT 1/rrb-ntpc-2025-graduate-level-cbt-1-question-paper-and-answer-key-pdf-english-mar-17-2026-shift-1-1775545007.pdf
rrb-ntpc-2025-graduate-level-cbt-1-question-paper-and-answer-key-pdf-english-mar-17-2026-shift-1-1775545007.json,Rrb,48,pyq_2c30063e86e16a79_p48,OPAQUE — empty stem; transcribe Q from PDF,UNCLASSIFIED,,GEN_UNC,,,RRB/NTPC/CBT 1/rrb-ntpc-2025-graduate-level-cbt-1-question-paper-and-answer-key-pdf-english-mar-17-2026-shift-1-1775545007.pdf
rrb-ntpc-2025-graduate-level-cbt-1-question-paper-and-answer-key-pdf-english-mar-17-2026-shift-1-1775545007.json,Rrb,87,pyq_2c30063e86e16a79_p87,OPAQUE — empty stem; transcribe Q from PDF,UNCLASSIFIED,,GEN_UNC,,,RRB/NTPC/CBT 1/rrb-ntpc-2025-graduate-level-cbt-1-question-paper-and-answer-key-pdf-english-mar-17-2026-shift-1-1775545007.pdf
sbi_po_2024 main.json,Sbi,26,pyq_d52a85bd8933ee23_p26,OPAQUE — empty stem; transcribe Q from PDF,UNCLASSIFIED,,GEN_UNC,,,Banks/SBI PO/Mains/sbi_po_2024 main.pdf
sbi_po_2024 main.json,Sbi,27,pyq_d52a85bd8933ee23_p27,OPAQUE — empty stem; transcribe Q from PDF,UNCLASSIFIED,,GEN_UNC,,,Banks/SBI PO/Mains/sbi_po_2024 main.pdf
sbi_po_2024 main.json,Sbi,28,pyq_d52a85bd8933ee23_p28,OPAQUE — empty stem; transcribe Q from PDF,COMPUTER,fundamentals,CMP_FUND,,,Banks/SBI PO/Mains/sbi_po_2024 main.pdf
shift_1_fce7751def644359e4839a240f87638e_1f4b9c9200b318e00c8c96da115acc09.json,Shift,21,pyq_a30008082fae9163_p21,OPAQUE — empty stem; transcribe Q from PDF,UNCLASSIFIED,,GEN_UNC,,,RRB/NTPC/CBT 1/shift_1_fce7751def644359e4839a240f87638e_1f4b9c9200b318e00c8c96da115acc09.pdf
shift_1_fce7751def644359e4839a240f87638e_1f4b9c9200b318e00c8c96da115acc09.json,Shift,53,pyq_a30008082fae9163_p53,OPAQUE — empty stem; transcribe Q from PDF,UNCLASSIFIED,,GEN_UNC,,,RRB/NTPC/CBT 1/shift_1_fce7751def644359e4839a240f87638e_1f4b9c9200b318e00c8c96da115acc09.pdf
shift_1_fce7751def644359e4839a240f87638e_1f4b9c9200b318e00c8c96da115acc09.json,Shift,86,pyq_a30008082fae9163_p86,OPAQUE — empty stem; transcribe Q from PDF,UNCLASSIFIED,,GEN_UNC,,,RRB/NTPC/CBT 1/shift_1_fce7751def644359e4839a240f87638e_1f4b9c9200b318e00c8c96da115acc09.pdf
shift_1_fce7751def644359e4839a240f87638e_1f4b9c9200b318e00c8c96da115acc09.json,Shift,88,pyq_a30008082fae9163_p88,OPAQUE — empty stem; transcribe Q from PDF,UNCLASSIFIED,,GEN_UNC,,,RRB/NTPC/CBT 1/shift_1_fce7751def644359e4839a240f87638e_1f4b9c9200b318e00c8c96da115acc09.pdf
shift_2_87eebacc0ea6a3ce47f71371578d5b93.json,Shift,22,pyq_2093d3b48bd82696_p22,OPAQUE — empty stem; transcribe Q from PDF,UNCLASSIFIED,,GEN_UNC,,,RRB/NTPC/CBT 1/shift_2_87eebacc0ea6a3ce47f71371578d5b93.pdf
shift_2_87eebacc0ea6a3ce47f71371578d5b93.json,Shift,34,pyq_2093d3b48bd82696_p34,OPAQUE — empty stem; transcribe Q from PDF,UNCLASSIFIED,,GEN_UNC,,,RRB/NTPC/CBT 1/shift_2_87eebacc0ea6a3ce47f71371578d5b93.pdf
shift_2_87eebacc0ea6a3ce47f71371578d5b93.json,Shift,60,pyq_2093d3b48bd82696_p60,OPAQUE — empty stem; transcribe Q from PDF,UNCLASSIFIED,,GEN_UNC,,,RRB/NTPC/CBT 1/shift_2_87eebacc0ea6a3ce47f71371578d5b93.pdf
shift_2_87eebacc0ea6a3ce47f71371578d5b93.json,Shift,64,pyq_2093d3b48bd82696_p64,OPAQUE — empty stem; transcribe Q from PDF,UNCLASSIFIED,,GEN_UNC,,,RRB/NTPC/CBT 1/shift_2_87eebacc0ea6a3ce47f71371578d5b93.pdf
shift_2_87eebacc0ea6a3ce47f71371578d5b93.json,Shift,78,pyq_2093d3b48bd82696_p78,OPAQUE — empty stem; transcribe Q from PDF,UNCLASSIFIED,,GEN_UNC,,,RRB/NTPC/CBT 1/shift_2_87eebacc0ea6a3ce47f71371578d5b93.pdf
shift_2_87eebacc0ea6a3ce47f71371578d5b93.json,Shift,90,pyq_2093d3b48bd82696_p90,OPAQUE — empty stem; transcribe Q from PDF,UNCLASSIFIED,,GEN_UNC,,,RRB/NTPC/CBT 1/shift_2_87eebacc0ea6a3ce47f71371578d5b93.pdf
shift_3_aad70c83bc645c3cb2120a546c3410f3.json,Shift,3,pyq_3516292f1c1015fe_p3,OPAQUE — empty stem; transcribe Q from PDF,UNCLASSIFIED,,GEN_UNC,,,RRB/NTPC/CBT 1/shift_3_aad70c83bc645c3cb2120a546c3410f3.pdf
shift_3_aad70c83bc645c3cb2120a546c3410f3.json,Shift,34,pyq_3516292f1c1015fe_p34,OPAQUE — empty stem; transcribe Q from PDF,UNCLASSIFIED,,GEN_UNC,,,RRB/NTPC/CBT 1/shift_3_aad70c83bc645c3cb2120a546c3410f3.pdf
shift_3_aad70c83bc645c3cb2120a546c3410f3.json,Shift,39,pyq_3516292f1c1015fe_p39,OPAQUE — empty stem; transcribe Q from PDF,UNCLASSIFIED,,GEN_UNC,,,RRB/NTPC/CBT 1/shift_3_aad70c83bc645c3cb2120a546c3410f3.pdf
shift_3_aad70c83bc645c3cb2120a546c3410f3.json,Shift,41,pyq_3516292f1c1015fe_p41,OPAQUE — empty stem; transcribe Q from PDF,UNCLASSIFIED,,GEN_UNC,,,RRB/NTPC/CBT 1/shift_3_aad70c83bc645c3cb2120a546c3410f3.pdf
shift_3_aad70c83bc645c3cb2120a546c3410f3.json,Shift,57,pyq_3516292f1c1015fe_p57,OPAQUE — empty stem; transcribe Q from PDF,UNCLASSIFIED,,GEN_UNC,,,RRB/NTPC/CBT 1/shift_3_aad70c83bc645c3cb2120a546c3410f3.pdf
shift_3_aad70c83bc645c3cb2120a546c3410f3.json,Shift,82,pyq_3516292f1c1015fe_p82,OPAQUE — empty stem; transcribe Q from PDF,UNCLASSIFIED,,GEN_UNC,,,RRB/NTPC/CBT 1/shift_3_aad70c83bc645c3cb2120a546c3410f3.pdf
shift_3_aad70c83bc645c3cb2120a546c3410f3.json,Shift,100,pyq_3516292f1c1015fe_p100,OPAQUE — empty stem; transcribe Q from PDF,UNCLASSIFIED,,GEN_UNC,,,RRB/NTPC/CBT 1/shift_3_aad70c83bc645c3cb2120a546c3410f3.pdf
shift_4_16d196edd0f32cea8a8b5b6da0fc0d7d.json,Shift,1,pyq_0842d9a4b71dd07f_p1,OPAQUE — empty stem; transcribe Q from PDF,UNCLASSIFIED,,GEN_UNC,,,RRB/NTPC/CBT 1/shift_4_16d196edd0f32cea8a8b5b6da0fc0d7d.pdf
shift_4_16d196edd0f32cea8a8b5b6da0fc0d7d.json,Shift,2,pyq_0842d9a4b71dd07f_p2,OPAQUE — empty stem; transcribe Q from PDF,UNCLASSIFIED,,GEN_UNC,.,,RRB/NTPC/CBT 1/shift_4_16d196edd0f32cea8a8b5b6da0fc0d7d.pdf
shift_4_16d196edd0f32cea8a8b5b6da0fc0d7d.json,Shift,7,pyq_0842d9a4b71dd07f_p7,OPAQUE — empty stem; transcribe Q from PDF,UNCLASSIFIED,,GEN_UNC,,,RRB/NTPC/CBT 1/shift_4_16d196edd0f32cea8a8b5b6da0fc0d7d.pdf
shift_4_16d196edd0f32cea8a8b5b6da0fc0d7d.json,Shift,14,pyq_0842d9a4b71dd07f_p14,OPAQUE — empty stem; transcribe Q from PDF,UNCLASSIFIED,,GEN_UNC,,,RRB/NTPC/CBT 1/shift_4_16d196edd0f32cea8a8b5b6da0fc0d7d.pdf
shift_4_16d196edd0f32cea8a8b5b6da0fc0d7d.json,Shift,57,pyq_0842d9a4b71dd07f_p57,OPAQUE — empty stem; transcribe Q from PDF,UNCLASSIFIED,,GEN_UNC,,,RRB/NTPC/CBT 1/shift_4_16d196edd0f32cea8a8b5b6da0fc0d7d.pdf
shift_4_16d196edd0f32cea8a8b5b6da0fc0d7d.json,Shift,60,pyq_0842d9a4b71dd07f_p60,OPAQUE — empty stem; transcribe Q from PDF,UNCLASSIFIED,,GEN_UNC,,,RRB/NTPC/CBT 1/shift_4_16d196edd0f32cea8a8b5b6da0fc0d7d.pdf
shift_4_16d196edd0f32cea8a8b5b6da0fc0d7d.json,Shift,62,pyq_0842d9a4b71dd07f_p62,OPAQUE — empty stem; transcribe Q from PDF,UNCLASSIFIED,,GEN_UNC,,,RRB/NTPC/CBT 1/shift_4_16d196edd0f32cea8a8b5b6da0fc0d7d.pdf
shift_4_16d196edd0f32cea8a8b5b6da0fc0d7d.json,Shift,83,pyq_0842d9a4b71dd07f_p83,OPAQUE — empty stem; transcribe Q from PDF,UNCLASSIFIED,,GEN_UNC,,,RRB/NTPC/CBT 1/shift_4_16d196edd0f32cea8a8b5b6da0fc0d7d.pdf
shift_4_16d196edd0f32cea8a8b5b6da0fc0d7d.json,Shift,91,pyq_0842d9a4b71dd07f_p91,OPAQUE — empty stem; transcribe Q from PDF,UNCLASSIFIED,,GEN_UNC,,,RRB/NTPC/CBT 1/shift_4_16d196edd0f32cea8a8b5b6da0fc0d7d.pdf
SSC-CGL-Tier-1-Question-Paper-English_23.09.2024_04.00-PM-05.00-PM.json,Ssc,14,pyq_0562fbf0d58d1a73_p14,VISUAL — mirror/figure-based; needs hand-drawn SVG or skip,REASONING,mirror_water_image,RSN_IMG,Select the correct mirror image of the given figure when the mirror is placed at MN.,,cgl/Tier-1/SSC-CGL-Tier-1-Question-Paper-English_23.09.2024_04.00-PM-05.00-PM.pdf
SSC-CGL-Tier-1-Question-Paper-English_23.09.2024_04.00-PM-05.00-PM.json,Ssc,18,pyq_0562fbf0d58d1a73_p18,VISUAL — mirror/figure-based; needs hand-drawn SVG or skip,REASONING,mirror_water_image,RSN_IMG,Select the correct mirror image of the given figure when the mirror is placed at MN as shown below.,,cgl/Tier-1/SSC-CGL-Tier-1-Question-Paper-English_23.09.2024_04.00-PM-05.00-PM.pdf
SSC-CGL-Tier-1-Question-Paper-English_23.09.2024_04.00-PM-05.00-PM.json,Ssc,23,pyq_0562fbf0d58d1a73_p23,VISUAL — mirror/figure-based; needs hand-drawn SVG or skip,REASONING,syllogism,RSN_SYL,Identify the figure given in the options which when put in place of the question mark (?) will logically complete the se,,cgl/Tier-1/SSC-CGL-Tier-1-Question-Paper-English_23.09.2024_04.00-PM-05.00-PM.pdf
SSC-CGL-Tier-1-Question-Paper-English_23.09.2024_12.30-PM-01.30-PM.json,Ssc,6,pyq_66e8d441d68427ca_p6,VISUAL — mirror/figure-based; needs hand-drawn SVG or skip,REASONING,direction_sense,RSN_DIR,A square sheet of paper is folded along the dotted line successively along the directions shown and is then punched in t,,cgl/Tier-1/SSC-CGL-Tier-1-Question-Paper-English_23.09.2024_12.30-PM-01.30-PM.pdf
SSC-CGL-Tier-1-Question-Paper-English_23.09.2024_12.30-PM-01.30-PM.json,Ssc,7,pyq_66e8d441d68427ca_p7,VISUAL — mirror/figure-based; needs hand-drawn SVG or skip,REASONING,,REA_UNC,Select the option figure that will replace the question mark (?) in the figure given below to complete the pattern.,,cgl/Tier-1/SSC-CGL-Tier-1-Question-Paper-English_23.09.2024_12.30-PM-01.30-PM.pdf
SSC-CGL-Tier-1-Question-Paper-English_23.09.2024_12.30-PM-01.30-PM.json,Ssc,10,pyq_66e8d441d68427ca_p10,VISUAL — mirror/figure-based; needs hand-drawn SVG or skip,REASONING,syllogism,RSN_SYL,Identify the figure given in the options which when put in place of ? will logically complete the series.,,cgl/Tier-1/SSC-CGL-Tier-1-Question-Paper-English_23.09.2024_12.30-PM-01.30-PM.pdf
SSC-CGL-Tier-1-Question-Paper-English_23.09.2024_12.30-PM-01.30-PM.json,Ssc,24,pyq_66e8d441d68427ca_p24,VISUAL — mirror/figure-based; needs hand-drawn SVG or skip,REASONING,mirror_water_image,RSN_IMG,Select the correct mirror image of the given figure when the mirror is placed at MN as shown below.,,cgl/Tier-1/SSC-CGL-Tier-1-Question-Paper-English_23.09.2024_12.30-PM-01.30-PM.pdf
SSC-CGL-Tier-1-Question-Paper-English_23.09.2024_9.00-AM-10.00-AM.json,Ssc,19,pyq_8077fffaac05638b_p19,VISUAL — mirror/figure-based; needs hand-drawn SVG or skip,REASONING,syllogism,RSN_SYL,Identify the figure given in the options which when put in place of the question mark (?) will logically complete the se,,cgl/Tier-1/SSC-CGL-Tier-1-Question-Paper-English_23.09.2024_9.00-AM-10.00-AM.pdf
SSC-CGL-Tier-1-Question-Paper-English_24.09.2024_04.00-PM-05.00-PM.json,Ssc,1,pyq_4a6aa3f4a23f1b1c_p1,VISUAL — mirror/figure-based; needs hand-drawn SVG or skip,REASONING,mirror_water_image,RSN_IMG,Select the correct mirror image of the given figure when the mirror is placed at MN.,,cgl/Tier-1/SSC-CGL-Tier-1-Question-Paper-English_24.09.2024_04.00-PM-05.00-PM.pdf
SSC-CGL-Tier-1-Question-Paper-English_24.09.2024_04.00-PM-05.00-PM.json,Ssc,16,pyq_4a6aa3f4a23f1b1c_p16,VISUAL — mirror/figure-based; needs hand-drawn SVG or skip,REASONING,,REA_UNC,A paper is folded and cut as shown below. How will it appear when unfolded?,,cgl/Tier-1/SSC-CGL-Tier-1-Question-Paper-English_24.09.2024_04.00-PM-05.00-PM.pdf
SSC-CGL-Tier-1-Question-Paper-English_24.09.2024_04.00-PM-05.00-PM.json,Ssc,25,pyq_4a6aa3f4a23f1b1c_p25,VISUAL — mirror/figure-based; needs hand-drawn SVG or skip,REASONING,mirror_water_image,RSN_IMG,Select the correct mirror image of the given figure when the mirror is placed at MN.,,cgl/Tier-1/SSC-CGL-Tier-1-Question-Paper-English_24.09.2024_04.00-PM-05.00-PM.pdf
SSC-CGL-Tier-1-Question-Paper-English_24.09.2024_12.30-PM-01.30-PM.json,Ssc,2,pyq_3259acf39b8d3f31_p2,VISUAL — mirror/figure-based; needs hand-drawn SVG or skip,REASONING,mirror_water_image,RSN_IMG,Select the correct mirror image of the given figure when the mirror is placed at MN.,,cgl/Tier-1/SSC-CGL-Tier-1-Question-Paper-English_24.09.2024_12.30-PM-01.30-PM.pdf
SSC-CGL-Tier-1-Question-Paper-English_24.09.2024_12.30-PM-01.30-PM.json,Ssc,3,pyq_3259acf39b8d3f31_p3,VISUAL — mirror/figure-based; needs hand-drawn SVG or skip,REASONING,mirror_water_image,RSN_IMG,Select the correct mirror image of the given figure when the mirror is placed at MN as shown.,,cgl/Tier-1/SSC-CGL-Tier-1-Question-Paper-English_24.09.2024_12.30-PM-01.30-PM.pdf
SSC-CGL-Tier-1-Question-Paper-English_24.09.2024_9.00-AM-10.00-AM.json,Ssc,19,pyq_d421ebb87fc38dad_p19,VISUAL — mirror/figure-based; needs hand-drawn SVG or skip,REASONING,mirror_water_image,RSN_IMG,Select the correct mirror image of the given figure when the mirror is placed at MN.,,cgl/Tier-1/SSC-CGL-Tier-1-Question-Paper-English_24.09.2024_9.00-AM-10.00-AM.pdf
SSC-CGL-Tier-1-Question-Paper-English_24.09.2024_9.00-AM-10.00-AM.json,Ssc,20,pyq_d421ebb87fc38dad_p20,VISUAL — mirror/figure-based; needs hand-drawn SVG or skip,REASONING,mirror_water_image,RSN_IMG,Select the correct mirror image of the given figure when the mirror is placed at MN.,,cgl/Tier-1/SSC-CGL-Tier-1-Question-Paper-English_24.09.2024_9.00-AM-10.00-AM.pdf
SSC-CGL-Tier-1-Question-Paper-English_25.09.2024_04.00-PM-05.00-PM.json,Ssc,7,pyq_c2ce12d35b7c8aa8_p7,VISUAL — mirror/figure-based; needs hand-drawn SVG or skip,REASONING,mirror_water_image,RSN_IMG,Select the correct mirror image of the given figure when the mirror is placed at MN as shown.,,cgl/Tier-1/SSC-CGL-Tier-1-Question-Paper-English_25.09.2024_04.00-PM-05.00-PM.pdf
SSC-CGL-Tier-1-Question-Paper-English_25.09.2024_04.00-PM-05.00-PM.json,Ssc,10,pyq_c2ce12d35b7c8aa8_p10,VISUAL — mirror/figure-based; needs hand-drawn SVG or skip,REASONING,mirror_water_image,RSN_IMG,Select the correct mirror image of the given figure when the mirror is placed at MN as shown below.,,cgl/Tier-1/SSC-CGL-Tier-1-Question-Paper-English_25.09.2024_04.00-PM-05.00-PM.pdf
SSC-CGL-Tier-1-Question-Paper-English_25.09.2024_04.00-PM-05.00-PM.json,Ssc,16,pyq_c2ce12d35b7c8aa8_p16,VISUAL — mirror/figure-based; needs hand-drawn SVG or skip,REASONING,,REA_UNC,A paper is folded and cut as shown below. How will it appear when unfolded?,,cgl/Tier-1/SSC-CGL-Tier-1-Question-Paper-English_25.09.2024_04.00-PM-05.00-PM.pdf
SSC-CGL-Tier-1-Question-Paper-English_25.09.2024_12.30-PM-01.30-PM.json,Ssc,3,pyq_3516df873618afe1_p3,VISUAL — mirror/figure-based; needs hand-drawn SVG or skip,REASONING,mirror_water_image,RSN_IMG,Select the correct mirror image of the given figure when the mirror is placed at MN as shown.,,cgl/Tier-1/SSC-CGL-Tier-1-Question-Paper-English_25.09.2024_12.30-PM-01.30-PM.pdf
SSC-CGL-Tier-1-Question-Paper-English_25.09.2024_12.30-PM-01.30-PM.json,Ssc,10,pyq_3516df873618afe1_p10,VISUAL — mirror/figure-based; needs hand-drawn SVG or skip,REASONING,,REA_UNC,A paper is folded and cut as shown below. How will it appear when unfolded?,,cgl/Tier-1/SSC-CGL-Tier-1-Question-Paper-English_25.09.2024_12.30-PM-01.30-PM.pdf
SSC-CGL-Tier-1-Question-Paper-English_25.09.2024_12.30-PM-01.30-PM.json,Ssc,21,pyq_3516df873618afe1_p21,VISUAL — mirror/figure-based; needs hand-drawn SVG or skip,REASONING,mirror_water_image,RSN_IMG,Select the correct mirror image of the given figure when the mirror is placed at MN as shown below.,,cgl/Tier-1/SSC-CGL-Tier-1-Question-Paper-English_25.09.2024_12.30-PM-01.30-PM.pdf
SSC-CGL-Tier-1-Question-Paper-English_25.09.2024_9.00-AM-10.00-AM.json,Ssc,12,pyq_d6b936df0001d773_p12,VISUAL — mirror/figure-based; needs hand-drawn SVG or skip,REASONING,mirror_water_image,RSN_IMG,Select the correct mirror image of the given figure when the mirror is placed at MN as shown below.,,cgl/Tier-1/SSC-CGL-Tier-1-Question-Paper-English_25.09.2024_9.00-AM-10.00-AM.pdf
SSC-CGL-Tier-1-Question-Paper-English_25.09.2024_9.00-AM-10.00-AM.json,Ssc,18,pyq_d6b936df0001d773_p18,VISUAL — mirror/figure-based; needs hand-drawn SVG or skip,REASONING,,REA_UNC,A paper is folded and cut as shown below. How will it appear when unfolded?,,cgl/Tier-1/SSC-CGL-Tier-1-Question-Paper-English_25.09.2024_9.00-AM-10.00-AM.pdf
SSC-CGL-Tier-1-Question-Paper-English_26.09.2024_04.00-PM-05.00-PM.json,Ssc,2,pyq_97f6a57e611ecb5f_p2,VISUAL — mirror/figure-based; needs hand-drawn SVG or skip,REASONING,syllogism,RSN_SYL,Identify the figure given in the options which when put in place of the question mark (?) will logically complete the se,,cgl/Tier-1/SSC-CGL-Tier-1-Question-Paper-English_26.09.2024_04.00-PM-05.00-PM.pdf
SSC-CGL-Tier-1-Question-Paper-English_26.09.2024_04.00-PM-05.00-PM.json,Ssc,6,pyq_97f6a57e611ecb5f_p6,VISUAL — mirror/figure-based; needs hand-drawn SVG or skip,REASONING,mirror_water_image,RSN_IMG,Select the correct mirror image of the given figure when the mirror is placed at MN.,,cgl/Tier-1/SSC-CGL-Tier-1-Question-Paper-English_26.09.2024_04.00-PM-05.00-PM.pdf
SSC-CGL-Tier-1-Question-Paper-English_26.09.2024_04.00-PM-05.00-PM.json,Ssc,15,pyq_97f6a57e611ecb5f_p15,VISUAL — mirror/figure-based; needs hand-drawn SVG or skip,REASONING,mirror_water_image,RSN_IMG,Select the correct mirror image of the given figure when the mirror is placed at MN as shown below.,,cgl/Tier-1/SSC-CGL-Tier-1-Question-Paper-English_26.09.2024_04.00-PM-05.00-PM.pdf
SSC-CGL-Tier-1-Question-Paper-English_26.09.2024_12.30-PM-01.30-PM.json,Ssc,15,pyq_bee44245d5dcbdb0_p15,VISUAL — mirror/figure-based; needs hand-drawn SVG or skip,REASONING,syllogism,RSN_SYL,Identify the figure given in the options which when put in place of the question mark (?) will logically complete the se,,cgl/Tier-1/SSC-CGL-Tier-1-Question-Paper-English_26.09.2024_12.30-PM-01.30-PM.pdf
SSC-CGL-Tier-1-Question-Paper-English_26.09.2024_9.00-AM-10.00-AM.json,Ssc,14,pyq_e0ab29b42141fbfa_p14,VISUAL — mirror/figure-based; needs hand-drawn SVG or skip,REASONING,,REA_UNC,A paper is folded and cut as shown below. How will it appear when unfolded?,,cgl/Tier-1/SSC-CGL-Tier-1-Question-Paper-English_26.09.2024_9.00-AM-10.00-AM.pdf
SSC-CGL-Tier-1-Question-Paper-English_26.09.2024_9.00-AM-10.00-AM.json,Ssc,15,pyq_e0ab29b42141fbfa_p15,VISUAL — mirror/figure-based; needs hand-drawn SVG or skip,REASONING,syllogism,RSN_SYL,Identify the figure given in the options which when put in place of ? will logically complete the series.,,cgl/Tier-1/SSC-CGL-Tier-1-Question-Paper-English_26.09.2024_9.00-AM-10.00-AM.pdf
SSC-CGL-Tier-1-Question-Paper-English_26.09.2024_9.00-AM-10.00-AM.json,Ssc,17,pyq_e0ab29b42141fbfa_p17,VISUAL — mirror/figure-based; needs hand-drawn SVG or skip,REASONING,mirror_water_image,RSN_IMG,Select the correct mirror image of the given figure when the mirror is placed at MN.,,cgl/Tier-1/SSC-CGL-Tier-1-Question-Paper-English_26.09.2024_9.00-AM-10.00-AM.pdf
SSC-CGL-Tier-1-Question-Paper-English_26.09.2024_9.00-AM-10.00-AM.json,Ssc,23,pyq_e0ab29b42141fbfa_p23,VISUAL — mirror/figure-based; needs hand-drawn SVG or skip,REASONING,,REA_UNC,A paper is folded and cut as shown below. How will it appear when unfolded?,,cgl/Tier-1/SSC-CGL-Tier-1-Question-Paper-English_26.09.2024_9.00-AM-10.00-AM.pdf
SSC-CHSL-Exam-2023-Tier-II-Official-Paper-Held-On_-02-Nov-2023-Shift-1-Eng.json,Ssc,32,pyq_ea21c2f87ecb1f2f_p2,VISUAL — mirror/figure-based; needs hand-drawn SVG or skip,UNCLASSIFIED,,GEN_UNC,"Identify the figure given in the options, which when put in place of ‘?’ will logically complete the series.",,chsl/Tier 2/SSC-CHSL-Exam-2023-Tier-II-Official-Paper-Held-On_-02-Nov-2023-Shift-1-Eng.pdf
SSC-CHSL-Exam-2023-Tier-II-Official-Paper-Held-On_-02-Nov-2023-Shift-1-Eng.json,Ssc,56,pyq_ea21c2f87ecb1f2f_p26,VISUAL — mirror/figure-based; needs hand-drawn SVG or skip,UNCLASSIFIED,,GEN_UNC,Select the correct mirror image of the given figure when the mirror is placed at MN as shown below.,,chsl/Tier 2/SSC-CHSL-Exam-2023-Tier-II-Official-Paper-Held-On_-02-Nov-2023-Shift-1-Eng.pdf
SSC-CHSL-Exam-2023-Tier-II-Official-Paper-Held-On_-10-Jan-2024-Shift-1-Eng.json,Ssc,32,pyq_cb959dba71432696_p2,VISUAL — mirror/figure-based; needs hand-drawn SVG or skip,UNCLASSIFIED,,GEN_UNC,Identify the figure given in the options which when put in place of the question mark (?) will logically complete the se,,chsl/Tier 2/SSC-CHSL-Exam-2023-Tier-II-Official-Paper-Held-On_-10-Jan-2024-Shift-1-Eng.pdf
SSC-CHSL-Exam-2023-Tier-II-Official-Paper-Held-On_-10-Jan-2024-Shift-1-Eng.json,Ssc,41,pyq_cb959dba71432696_p11,VISUAL — mirror/figure-based; needs hand-drawn SVG or skip,UNCLASSIFIED,,GEN_UNC,"If the water source is placed along X-Y, as shown in the given figure, which of the following options will be the water ",,chsl/Tier 2/SSC-CHSL-Exam-2023-Tier-II-Official-Paper-Held-On_-10-Jan-2024-Shift-1-Eng.pdf
SSC-CHSL-T-I-Similar-Paper-Held-on-14-Nov-2025-S3-English.json,Ssc,43,pyq_52f00afc803c3b0d_p43,VISUAL — mirror/figure-based; needs hand-drawn SVG or skip,COMPUTER,networking,CMP_NET,"Find the missing figure in the series. A. B. C. D. Answer: D Sol: Logic: The letters A, V, and W shift their positions c",,chsl/Tier 1/SSC-CHSL-T-I-Similar-Paper-Held-on-14-Nov-2025-S3-English.pdf
SSC-CHSL-T-I-Similar-Paper-Held-on-14-Nov-2025-S3-English.json,Ssc,44,pyq_52f00afc803c3b0d_p44,VISUAL — mirror/figure-based; needs hand-drawn SVG or skip,UNCLASSIFIED,,GEN_UNC,A mirror is placed on line XY. Choose the correct mirror image of the given figure. ​ A. B. C. D. Answer: A Sol: The mir,,chsl/Tier 1/SSC-CHSL-T-I-Similar-Paper-Held-on-14-Nov-2025-S3-English.pdf
SSC-CHSL-T-I-Similar-Paper-Held-on-14-Nov-2025-S3-English.json,Ssc,45,pyq_52f00afc803c3b0d_p45,VISUAL — mirror/figure-based; needs hand-drawn SVG or skip,UNCLASSIFIED,,GEN_UNC,"Select the odd pair. A. B. C. D. Answer: C Sol: Logic: In option a, b and d number of lines in shape are greater than nu",,chsl/Tier 1/SSC-CHSL-T-I-Similar-Paper-Held-on-14-Nov-2025-S3-English.pdf
SSC-CHSL-T-I-Similar-Paper-Held-on-14-Nov-2025-S3-English.json,Ssc,46,pyq_52f00afc803c3b0d_p46,VISUAL — mirror/figure-based; needs hand-drawn SVG or skip,UNCLASSIFIED,,GEN_UNC,Which option completes the pattern? (Rotation not allowed) A. B. C. D. Answer: D Sol: ​The missing figure that will comp,,chsl/Tier 1/SSC-CHSL-T-I-Similar-Paper-Held-on-14-Nov-2025-S3-English.pdf
SSC-CHSL-Tier-II-Exam-2024-Official-Paper-Held-On_-18-Nov-2024-Eng.json,Ssc,45,pyq_bb5ff5dc6c3ee0da_p18,VISUAL — mirror/figure-based; needs hand-drawn SVG or skip,UNCLASSIFIED,,GEN_UNC,Select the correct mirror image of the given figure when the mirror is placed at MN as shown below.,,chsl/Tier 2/SSC-CHSL-Tier-II-Exam-2024-Official-Paper-Held-On_-18-Nov-2024-Eng.pdf
IBPS-PO-Mains-2024-Memory-Based-Paper-1st-shift.json,Ibps,1,pyq_61004651a66b3fc1_p1,RECOVERABLE — synth queue (will get auto-fixed in next session),REASONING,syllogism,RSN_SYL,Conclusions: I. All number can never be digit II. Some digit being letter is a possibility,,Banks/IBPS PO/mains/IBPS-PO-Mains-2024-Memory-Based-Paper-1st-shift.pdf
IBPS-PO-Mains-2024-Memory-Based-Paper-1st-shift.json,Ibps,2,pyq_61004651a66b3fc1_p2,RECOVERABLE — synth queue (will get auto-fixed in next session),UNCLASSIFIED,,GEN_UNC,Which element is 5th to the right of second least number in step V?,,Banks/IBPS PO/mains/IBPS-PO-Mains-2024-Memory-Based-Paper-1st-shift.pdf
IBPS-PO-Mains-2024-Memory-Based-Paper-1st-shift.json,Ibps,3,pyq_61004651a66b3fc1_p3,RECOVERABLE — synth queue (will get auto-fixed in next session),UNCLASSIFIED,,GEN_UNC,What is sum of all the odd numbers in step II?,,Banks/IBPS PO/mains/IBPS-PO-Mains-2024-Memory-Based-Paper-1st-shift.pdf
IBPS-PO-Mains-2024-Memory-Based-Paper-1st-shift.json,Ibps,4,pyq_61004651a66b3fc1_p4,RECOVERABLE — synth queue (will get auto-fixed in next session),COMPUTER,networking,CMP_NET,What is the position of ‘eibdgr’ with respect to ‘77’ in step IV?,,Banks/IBPS PO/mains/IBPS-PO-Mains-2024-Memory-Based-Paper-1st-shift.pdf
IBPS-PO-Mains-2024-Memory-Based-Paper-1st-shift.json,Ibps,5,pyq_61004651a66b3fc1_p5,RECOVERABLE — synth queue (will get auto-fixed in next session),UNCLASSIFIED,,GEN_UNC,Find the square of the 2nd highest number in step III?,,Banks/IBPS PO/mains/IBPS-PO-Mains-2024-Memory-Based-Paper-1st-shift.pdf
IBPS-PO-Mains-2024-Memory-Based-Paper-1st-shift.json,Ibps,6,pyq_61004651a66b3fc1_p6,RECOVERABLE — synth queue (will get auto-fixed in next session),COMPUTER,fundamentals,CMP_FUND,Which element is 6th from the right end in step II?,,Banks/IBPS PO/mains/IBPS-PO-Mains-2024-Memory-Based-Paper-1st-shift.pdf
IBPS-PO-Mains-2024-Memory-Based-Paper-1st-shift.json,Ibps,7,pyq_61004651a66b3fc1_p7,RECOVERABLE — synth queue (will get auto-fixed in next session),UNCLASSIFIED,,GEN_UNC,How many associates sit to the right of the one who likes white?,,Banks/IBPS PO/mains/IBPS-PO-Mains-2024-Memory-Based-Paper-1st-shift.pdf
IBPS-PO-Mains-2024-Memory-Based-Paper-1st-shift.json,Ibps,8,pyq_61004651a66b3fc1_p8,RECOVERABLE — synth queue (will get auto-fixed in next session),COMPUTER,networking,CMP_NET,What is the position of C with respect to the one who likes grey?,,Banks/IBPS PO/mains/IBPS-PO-Mains-2024-Memory-Based-Paper-1st-shift.pdf
IBPS-PO-Mains-2024-Memory-Based-Paper-1st-shift.json,Ibps,9,pyq_61004651a66b3fc1_p9,RECOVERABLE — synth queue (will get auto-fixed in next session),UNCLASSIFIED,,GEN_UNC,Which of the following statement is correct? I. The one who sits 7th to the right of B is manager. II. Four associates s,,Banks/IBPS PO/mains/IBPS-PO-Mains-2024-Memory-Based-Paper-1st-shift.pdf
IBPS-PO-Mains-2024-Memory-Based-Paper-1st-shift.json,Ibps,10,pyq_61004651a66b3fc1_p10,RECOVERABLE — synth queue (will get auto-fixed in next session),UNCLASSIFIED,,GEN_UNC,Choose the incorrect combination.,,Banks/IBPS PO/mains/IBPS-PO-Mains-2024-Memory-Based-Paper-1st-shift.pdf
IBPS-PO-Mains-2024-Memory-Based-Paper-1st-shift.json,Ibps,12,pyq_61004651a66b3fc1_p12,RECOVERABLE — synth queue (will get auto-fixed in next session),UNCLASSIFIED,,GEN_UNC,"Six persons – P, Q, R, S, T and U attend the function on different days of a week starting from Monday to Saturday but n",,Banks/IBPS PO/mains/IBPS-PO-Mains-2024-Memory-Based-Paper-1st-shift.pdf
IBPS-PO-Mains-2024-Memory-Based-Paper-1st-shift.json,Ibps,13,pyq_61004651a66b3fc1_p13,RECOVERABLE — synth queue (will get auto-fixed in next session),UNCLASSIFIED,,GEN_UNC,"Five bags of different colours i.e., grey, brown, cyan, orange and golden are placed one above another on different shel",,Banks/IBPS PO/mains/IBPS-PO-Mains-2024-Memory-Based-Paper-1st-shift.pdf
IBPS-PO-Mains-2024-Memory-Based-Paper-1st-shift.json,Ibps,14,pyq_61004651a66b3fc1_p14,RECOVERABLE — synth queue (will get auto-fixed in next session),UNCLASSIFIED,,GEN_UNC,"Six persons i.e. A, B, C, D, E and F sit around an equilateral triangle table such that three persons sit at the corners",,Banks/IBPS PO/mains/IBPS-PO-Mains-2024-Memory-Based-Paper-1st-shift.pdf
IBPS-PO-Mains-2024-Memory-Based-Paper-1st-shift.json,Ibps,15,pyq_61004651a66b3fc1_p15,RECOVERABLE — synth queue (will get auto-fixed in next session),REASONING,,REA_UNC,In the given word “TERMINATION” if the vowels are changed with its just next letter and consonants are changed with its ,,Banks/IBPS PO/mains/IBPS-PO-Mains-2024-Memory-Based-Paper-1st-shift.pdf
IBPS-PO-Mains-2024-Memory-Based-Paper-1st-shift.json,Ibps,17,pyq_61004651a66b3fc1_p17,RECOVERABLE — synth queue (will get auto-fixed in next session),REASONING,direction_sense,RSN_DIR,If in the given word “ASSUMPTION” if vowels are replaced with their immediately succeeding letter and consonants are rep,,Banks/IBPS PO/mains/IBPS-PO-Mains-2024-Memory-Based-Paper-1st-shift.pdf
IBPS-PO-Mains-2024-Memory-Based-Paper-1st-shift.json,Ibps,18,pyq_61004651a66b3fc1_p18,RECOVERABLE — synth queue (will get auto-fixed in next session),UNCLASSIFIED,,GEN_UNC,Who among the following person sits fourth to the right of the person who has card number 4?,,Banks/IBPS PO/mains/IBPS-PO-Mains-2024-Memory-Based-Paper-1st-shift.pdf
IBPS-PO-Mains-2024-Memory-Based-Paper-1st-shift.json,Ibps,19,pyq_61004651a66b3fc1_p19,RECOVERABLE — synth queue (will get auto-fixed in next session),UNCLASSIFIED,,GEN_UNC,"What is the sum of the card numbers of C, G and H?",,Banks/IBPS PO/mains/IBPS-PO-Mains-2024-Memory-Based-Paper-1st-shift.pdf
IBPS-PO-Mains-2024-Memory-Based-Paper-1st-shift.json,Ibps,20,pyq_61004651a66b3fc1_p20,RECOVERABLE — synth queue (will get auto-fixed in next session),REASONING,direction_sense,RSN_DIR,How many persons sit between the person who has card number 9 and E when counting in the anti- clockwise direction from ,,Banks/IBPS PO/mains/IBPS-PO-Mains-2024-Memory-Based-Paper-1st-shift.pdf
IBPS-PO-Mains-2024-Memory-Based-Paper-1st-shift.json,Ibps,21,pyq_61004651a66b3fc1_p21,RECOVERABLE — synth queue (will get auto-fixed in next session),UNCLASSIFIED,,GEN_UNC,Which of the following pairs are adjacent and have card numbers differing less than 4?,,Banks/IBPS PO/mains/IBPS-PO-Mains-2024-Memory-Based-Paper-1st-shift.pdf
IBPS-PO-Mains-2024-Memory-Based-Paper-1st-shift.json,Ibps,28,pyq_61004651a66b3fc1_p28,RECOVERABLE — synth queue (will get auto-fixed in next session),UNCLASSIFIED,,GEN_UNC,How is I related to Y?,,Banks/IBPS PO/mains/IBPS-PO-Mains-2024-Memory-Based-Paper-1st-shift.pdf
IBPS-PO-Mains-2024-Memory-Based-Paper-1st-shift.json,Ibps,29,pyq_61004651a66b3fc1_p29,RECOVERABLE — synth queue (will get auto-fixed in next session),REASONING,direction_sense,RSN_DIR,"If D is married to I, then how many male members are there in the family?",,Banks/IBPS PO/mains/IBPS-PO-Mains-2024-Memory-Based-Paper-1st-shift.pdf
IBPS-PO-Mains-2024-Memory-Based-Paper-1st-shift.json,Ibps,30,pyq_61004651a66b3fc1_p30,RECOVERABLE — synth queue (will get auto-fixed in next session),UNCLASSIFIED,,GEN_UNC,Which among the following ship is docked at Port T?,,Banks/IBPS PO/mains/IBPS-PO-Mains-2024-Memory-Based-Paper-1st-shift.pdf
IBPS-PO-Mains-2024-Memory-Based-Paper-1st-shift.json,Ibps,31,pyq_61004651a66b3fc1_p31,RECOVERABLE — synth queue (will get auto-fixed in next session),UNCLASSIFIED,,GEN_UNC,Which among the following combination is correct?,,Banks/IBPS PO/mains/IBPS-PO-Mains-2024-Memory-Based-Paper-1st-shift.pdf
IBPS-PO-Mains-2024-Memory-Based-Paper-1st-shift.json,Ibps,32,pyq_61004651a66b3fc1_p32,RECOVERABLE — synth queue (will get auto-fixed in next session),UNCLASSIFIED,,GEN_UNC,Which of the following statement is/are false? I. O docked the ship at Port R. II. N has Ship C. III. Ship A is docked a,,Banks/IBPS PO/mains/IBPS-PO-Mains-2024-Memory-Based-Paper-1st-shift.pdf
IBPS-PO-Mains-2024-Memory-Based-Paper-1st-shift.json,Ibps,33,pyq_61004651a66b3fc1_p33,RECOVERABLE — synth queue (will get auto-fixed in next session),UNCLASSIFIED,,GEN_UNC,Who among the following person docked the Ship at Port U?,,Banks/IBPS PO/mains/IBPS-PO-Mains-2024-Memory-Based-Paper-1st-shift.pdf
IBPS-PO-Mains-2024-Memory-Based-Paper-1st-shift.json,Ibps,34,pyq_61004651a66b3fc1_p34,RECOVERABLE — synth queue (will get auto-fixed in next session),COMPUTER,networking,CMP_NET,"In which among the following port, Ship A is docked?",,Banks/IBPS PO/mains/IBPS-PO-Mains-2024-Memory-Based-Paper-1st-shift.pdf
IBPS-PO-Mains-2024-Memory-Based-Paper-1st-shift.json,Ibps,35,pyq_61004651a66b3fc1_p35,RECOVERABLE — synth queue (will get auto-fixed in next session),UNCLASSIFIED,,GEN_UNC,Which symbol is sixth to the right of the tenth element from the left end in Step II?,,Banks/IBPS PO/mains/IBPS-PO-Mains-2024-Memory-Based-Paper-1st-shift.pdf
IBPS-PO-Mains-2024-Memory-Based-Paper-1st-shift.json,Ibps,37,pyq_61004651a66b3fc1_p37,RECOVERABLE — synth queue (will get auto-fixed in next session),UNCLASSIFIED,,GEN_UNC,Find the total number of products fully manufactured by 5:00 PM?,,Banks/IBPS PO/mains/IBPS-PO-Mains-2024-Memory-Based-Paper-1st-shift.pdf
IBPS-PO-Mains-2024-Memory-Based-Paper-1st-shift.json,Ibps,38,pyq_61004651a66b3fc1_p38,RECOVERABLE — synth queue (will get auto-fixed in next session),UNCLASSIFIED,,GEN_UNC,What are the number of products entering machine A?,,Banks/IBPS PO/mains/IBPS-PO-Mains-2024-Memory-Based-Paper-1st-shift.pdf
IBPS-PO-Mains-2024-Memory-Based-Paper-1st-shift.json,Ibps,39,pyq_61004651a66b3fc1_p39,RECOVERABLE — synth queue (will get auto-fixed in next session),UNCLASSIFIED,,GEN_UNC,Find the exact time the last product completes processing in Machine D.,,Banks/IBPS PO/mains/IBPS-PO-Mains-2024-Memory-Based-Paper-1st-shift.pdf
IBPS-PO-Mains-2024-Memory-Based-Paper-1st-shift.json,Ibps,40,pyq_61004651a66b3fc1_p40,RECOVERABLE — synth queue (will get auto-fixed in next session),UNCLASSIFIED,,GEN_UNC,At what time does the 6th product finish processing in Machine B?,,Banks/IBPS PO/mains/IBPS-PO-Mains-2024-Memory-Based-Paper-1st-shift.pdf
IBPS-PO-Mains-2024-Memory-Based-Paper-1st-shift.json,Ibps,41,pyq_61004651a66b3fc1_p41,RECOVERABLE — synth queue (will get auto-fixed in next session),UNCLASSIFIED,,GEN_UNC,Who among the following person sit in Car 2?,,Banks/IBPS PO/mains/IBPS-PO-Mains-2024-Memory-Based-Paper-1st-shift.pdf
IBPS-PO-Mains-2024-Memory-Based-Paper-1st-shift.json,Ibps,42,pyq_61004651a66b3fc1_p42,RECOVERABLE — synth queue (will get auto-fixed in next session),UNCLASSIFIED,,GEN_UNC,Four of the following five are alike in a certain way and so form a group. Find the one which does not belong to that gr,,Banks/IBPS PO/mains/IBPS-PO-Mains-2024-Memory-Based-Paper-1st-shift.pdf
IBPS-PO-Mains-2024-Memory-Based-Paper-1st-shift.json,Ibps,43,pyq_61004651a66b3fc1_p43,RECOVERABLE — synth queue (will get auto-fixed in next session),REASONING,direction_sense,RSN_DIR,What is the direction of point W with respect to point F?,,Banks/IBPS PO/mains/IBPS-PO-Mains-2024-Memory-Based-Paper-1st-shift.pdf
IBPS-PO-Mains-2024-Memory-Based-Paper-1st-shift.json,Ibps,44,pyq_61004651a66b3fc1_p44,RECOVERABLE — synth queue (will get auto-fixed in next session),UNCLASSIFIED,,GEN_UNC,If G#4S then what is the total distance between Point S and Point B?,,Banks/IBPS PO/mains/IBPS-PO-Mains-2024-Memory-Based-Paper-1st-shift.pdf
IBPS-PO-Mains-2024-Memory-Based-Paper-1st-shift.json,Ibps,45,pyq_61004651a66b3fc1_p45,RECOVERABLE — synth queue (will get auto-fixed in next session),REASONING,direction_sense,RSN_DIR,What is the shortest distance between Point W and Point C and Point W is in which direction with respect to Point E?,,Banks/IBPS PO/mains/IBPS-PO-Mains-2024-Memory-Based-Paper-1st-shift.pdf
IBPS-PO-Mains-2024-Memory-Based-Paper-1st-shift.json,Ibps,50,pyq_61004651a66b3fc1_p50,RECOVERABLE — synth queue (will get auto-fixed in next session),UNCLASSIFIED,,GEN_UNC,"As of July 2024, the Indian Railways has made significant progress in implementing the Kavach system, which involves var",,Banks/IBPS PO/mains/IBPS-PO-Mains-2024-Memory-Based-Paper-1st-shift.pdf
IBPS-PO-Mains-2024-Memory-Based-Paper-1st-shift.json,Ibps,54,pyq_61004651a66b3fc1_p54,RECOVERABLE — synth queue (will get auto-fixed in next session),COMPUTER,networking,CMP_NET,"As of October 2024, the Securities and Exchange Board of India (SEBI) raised the position limit for trading members in i",,Banks/IBPS PO/mains/IBPS-PO-Mains-2024-Memory-Based-Paper-1st-shift.pdf
IBPS-PO-Mains-2024-Memory-Based-Paper-1st-shift.json,Ibps,56,pyq_61004651a66b3fc1_p56,RECOVERABLE — synth queue (will get auto-fixed in next session),QUANT,mensuration_2d,QNT_MENS_2D,The government recently extended the benefits under the Remission of Duties and Taxes on Exported Products (RoDTEP) sche,,Banks/IBPS PO/mains/IBPS-PO-Mains-2024-Memory-Based-Paper-1st-shift.pdf
IBPS-PO-Mains-2024-Memory-Based-Paper-1st-shift.json,Ibps,61,pyq_61004651a66b3fc1_p61,RECOVERABLE — synth queue (will get auto-fixed in next session),UNCLASSIFIED,,GEN_UNC,"As per the Finance Ministry's statement, what was the net profit of Public Sector Banks (PSBs) during the April-Septembe",,Banks/IBPS PO/mains/IBPS-PO-Mains-2024-Memory-Based-Paper-1st-shift.pdf
IBPS-PO-Mains-2024-Memory-Based-Paper-1st-shift.json,Ibps,69,pyq_61004651a66b3fc1_p69,RECOVERABLE — synth queue (will get auto-fixed in next session),COMPUTER,fundamentals,CMP_FUND,Which company has secured orders from Kerala Gramin Bank and Karnataka Gramin Bank for its banking SuperApp to accelerat,,Banks/IBPS PO/mains/IBPS-PO-Mains-2024-Memory-Based-Paper-1st-shift.pdf
IBPS-PO-Mains-2024-Memory-Based-Paper-1st-shift.json,Ibps,71,pyq_61004651a66b3fc1_p71,RECOVERABLE — synth queue (will get auto-fixed in next session),UNCLASSIFIED,,GEN_UNC,Which Indian private sector bank recently inaugurated its first branch in Singapore after receiving a wholesale banking ,,Banks/IBPS PO/mains/IBPS-PO-Mains-2024-Memory-Based-Paper-1st-shift.pdf
IBPS-PO-Mains-2024-Memory-Based-Paper-1st-shift.json,Ibps,91,pyq_61004651a66b3fc1_p92,RECOVERABLE — synth queue (will get auto-fixed in next session),UNCLASSIFIED,,GEN_UNC,"(A) The students worked tirelessly on their group project, researching extensively and compiling their findings into a d",,Banks/IBPS PO/mains/IBPS-PO-Mains-2024-Memory-Based-Paper-1st-shift.pdf
IBPS-PO-Mains-2024-Memory-Based-Paper-1st-shift.json,Ibps,92,pyq_61004651a66b3fc1_p93,RECOVERABLE — synth queue (will get auto-fixed in next session),QUANT,mensuration_2d,QNT_MENS_2D,"(A) The company introduced a new product line aimed at younger consumers,",,Banks/IBPS PO/mains/IBPS-PO-Mains-2024-Memory-Based-Paper-1st-shift.pdf
IBPS-PO-Mains-2024-Memory-Based-Paper-1st-shift.json,Ibps,93,pyq_61004651a66b3fc1_p94,RECOVERABLE — synth queue (will get auto-fixed in next session),QUANT,ratio_proportion,QNT_RATIO,"(A) The team worked late into the night to finalize the presentation,",,Banks/IBPS PO/mains/IBPS-PO-Mains-2024-Memory-Based-Paper-1st-shift.pdf
IBPS-PO-Mains-2024-Memory-Based-Paper-1st-shift.json,Ibps,114,pyq_61004651a66b3fc1_p116,RECOVERABLE — synth queue (will get auto-fixed in next session),QUANT,ratio_proportion,QNT_RATIO,Which of the following accurately reflects Japan’s strategies to cope with its aging population? (I) Encouraging older c,,Banks/IBPS PO/mains/IBPS-PO-Mains-2024-Memory-Based-Paper-1st-shift.pdf
IBPS-PO-Mains-2024-Memory-Based-Paper-1st-shift.json,Ibps,115,pyq_61004651a66b3fc1_p117,RECOVERABLE — synth queue (will get auto-fixed in next session),ENGLISH,,ENG_UNC,Choose the correct interchange of words to make the sentence grammatically and contextually correct.,,Banks/IBPS PO/mains/IBPS-PO-Mains-2024-Memory-Based-Paper-1st-shift.pdf
IBPS-PO-Mains-2024-Memory-Based-Paper-1st-shift.json,Ibps,119,pyq_61004651a66b3fc1_p121,RECOVERABLE — synth queue (will get auto-fixed in next session),UNCLASSIFIED,,GEN_UNC,"Total number of cars manufactured by E is P/25 % more than that of C. If the total number of cars unsold by E is 5Z/9, t",,Banks/IBPS PO/mains/IBPS-PO-Mains-2024-Memory-Based-Paper-1st-shift.pdf
IBPS-PO-Mains-2024-Memory-Based-Paper-1st-shift.json,Ibps,120,pyq_61004651a66b3fc1_p122,RECOVERABLE — synth queue (will get auto-fixed in next session),UNCLASSIFIED,,GEN_UNC,The total number of non-defective cars sold by B is X/4+39 and the remaining are defective cars sold. If the total numbe,,Banks/IBPS PO/mains/IBPS-PO-Mains-2024-Memory-Based-Paper-1st-shift.pdf
IBPS-PO-Mains-2024-Memory-Based-Paper-1st-shift.json,Ibps,121,pyq_61004651a66b3fc1_p123,RECOVERABLE — synth queue (will get auto-fixed in next session),UNCLASSIFIED,,GEN_UNC,( 𝒁 𝟒+ 𝑿 𝟔) of the total number of cars manufactured by A are SUV and rest are hatchback. The total number of SUV sold c,,Banks/IBPS PO/mains/IBPS-PO-Mains-2024-Memory-Based-Paper-1st-shift.pdf
IBPS-PO-Mains-2024-Memory-Based-Paper-1st-shift.json,Ibps,122,pyq_61004651a66b3fc1_p124,RECOVERABLE — synth queue (will get auto-fixed in next session),UNCLASSIFIED,,GEN_UNC,The total number of cars sold by F is (7X+Z+12)/2 and the total number of cars unsold by F is 2P. Find which of the foll,,Banks/IBPS PO/mains/IBPS-PO-Mains-2024-Memory-Based-Paper-1st-shift.pdf
IBPS-PO-Mains-2024-Memory-Based-Paper-1st-shift.json,Ibps,123,pyq_61004651a66b3fc1_p125,RECOVERABLE — synth queue (will get auto-fixed in next session),QUANT,average,QNT_AVG,"If the average of the number of unsold cars by A, C and B is Y and the average of the number of cars manufactured by C a",,Banks/IBPS PO/mains/IBPS-PO-Mains-2024-Memory-Based-Paper-1st-shift.pdf
IBPS-PO-Mains-2024-Memory-Based-Paper-1st-shift.json,Ibps,124,pyq_61004651a66b3fc1_p126,RECOVERABLE — synth queue (will get auto-fixed in next session),QUANT,number_system,QNT_NUM,Total number of cars unsold by A and B together is what percentage more or less than the total number of cars sold by D.,,Banks/IBPS PO/mains/IBPS-PO-Mains-2024-Memory-Based-Paper-1st-shift.pdf
IBPS-PO-Mains-2024-Memory-Based-Paper-1st-shift.json,Ibps,131,pyq_61004651a66b3fc1_p133,RECOVERABLE — synth queue (will get auto-fixed in next session),DATA_INTERPRETATION,bar_chart,DI_BAR,Find the difference between average temperature on Saturday and Tuesday together and average temperature on Wednesday an,,Banks/IBPS PO/mains/IBPS-PO-Mains-2024-Memory-Based-Paper-1st-shift.pdf
IBPS-PO-Mains-2024-Memory-Based-Paper-1st-shift.json,Ibps,132,pyq_61004651a66b3fc1_p134,RECOVERABLE — synth queue (will get auto-fixed in next session),QUANT,percentage,QNT_PCT,"If the number of red balls increased by 30% in bag A and the number of green balls in bag A is 1/7th of the bag B, then ",,Banks/IBPS PO/mains/IBPS-PO-Mains-2024-Memory-Based-Paper-1st-shift.pdf
IBPS-PO-Mains-2024-Memory-Based-Paper-1st-shift.json,Ibps,133,pyq_61004651a66b3fc1_p135,RECOVERABLE — synth queue (will get auto-fixed in next session),QUANT,number_system,QNT_NUM,If the number of blue balls in bag C is more than 8 and the number of blue balls in bag C is more than the number of gre,,Banks/IBPS PO/mains/IBPS-PO-Mains-2024-Memory-Based-Paper-1st-shift.pdf
IBPS-PO-Mains-2024-Memory-Based-Paper-1st-shift.json,Ibps,134,pyq_61004651a66b3fc1_p136,RECOVERABLE — synth queue (will get auto-fixed in next session),QUANT,probability,QNT_PROB,The total number of balls in bag E is 25 and the probability of picking a blue ball in bag E is 0.2. The number of red b,,Banks/IBPS PO/mains/IBPS-PO-Mains-2024-Memory-Based-Paper-1st-shift.pdf
IBPS-PO-Mains-2024-Memory-Based-Paper-1st-shift.json,Ibps,135,pyq_61004651a66b3fc1_p137,RECOVERABLE — synth queue (will get auto-fixed in next session),QUANT,probability,QNT_PROB,"The number of green balls in C is one-third that in D. If the two balls picked from bag C, then find the probability of ",,Banks/IBPS PO/mains/IBPS-PO-Mains-2024-Memory-Based-Paper-1st-shift.pdf
IBPS-PO-Mains-2024-Memory-Based-Paper-1st-shift.json,Ibps,136,pyq_61004651a66b3fc1_p138,RECOVERABLE — synth queue (will get auto-fixed in next session),QUANT,average,QNT_AVG,"If average number of red balls in bag D and C is 8, then find which of the statement/s is/are correct. I. The number of ",,Banks/IBPS PO/mains/IBPS-PO-Mains-2024-Memory-Based-Paper-1st-shift.pdf
IBPS-PO-Mains-2024-Memory-Based-Paper-1st-shift.json,Ibps,137,pyq_61004651a66b3fc1_p139,RECOVERABLE — synth queue (will get auto-fixed in next session),QUANT,number_system,QNT_NUM,The number of blue balls in bag A is 5 less than the difference between the number of green balls in bags B and D. If th,,Banks/IBPS PO/mains/IBPS-PO-Mains-2024-Memory-Based-Paper-1st-shift.pdf
IBPS-PO-Mains-2024-Memory-Based-Paper-1st-shift.json,Ibps,139,pyq_61004651a66b3fc1_p141,RECOVERABLE — synth queue (will get auto-fixed in next session),UNCLASSIFIED,,GEN_UNC,Find the difference between the larger root of equation IV and smallest root of equation II.,,Banks/IBPS PO/mains/IBPS-PO-Mains-2024-Memory-Based-Paper-1st-shift.pdf
IBPS-PO-Mains-2024-Memory-Based-Paper-1st-shift.json,Ibps,140,pyq_61004651a66b3fc1_p142,RECOVERABLE — synth queue (will get auto-fixed in next session),UNCLASSIFIED,,GEN_UNC,Find the product of the larger root of equation I and smaller root of equation IV.,,Banks/IBPS PO/mains/IBPS-PO-Mains-2024-Memory-Based-Paper-1st-shift.pdf
IBPS-PO-Mains-2024-Memory-Based-Paper-1st-shift.json,Ibps,141,pyq_61004651a66b3fc1_p143,RECOVERABLE — synth queue (will get auto-fixed in next session),DATA_INTERPRETATION,bar_chart,DI_BAR,"If 6 is subtract from smaller root of equation III and add the resultant to the value of B, then find the square of the ",,Banks/IBPS PO/mains/IBPS-PO-Mains-2024-Memory-Based-Paper-1st-shift.pdf
IBPS-PO-Mains-2024-Memory-Based-Paper-1st-shift.json,Ibps,142,pyq_61004651a66b3fc1_p144,RECOVERABLE — synth queue (will get auto-fixed in next session),QUANT,percentage,QNT_PCT,"The marked price of item S in 2022 is Rs 836 more than the profit earned by selling this item in 2022, whereas the profi",,Banks/IBPS PO/mains/IBPS-PO-Mains-2024-Memory-Based-Paper-1st-shift.pdf
IBPS-PO-Mains-2024-Memory-Based-Paper-1st-shift.json,Ibps,143,pyq_61004651a66b3fc1_p145,RECOVERABLE — synth queue (will get auto-fixed in next session),QUANT,profit_loss_discount,QNT_PLD,"If the marked price of Q is twice the marked price of P in 2022, then find the ratio of the selling prices of P and Q in",,Banks/IBPS PO/mains/IBPS-PO-Mains-2024-Memory-Based-Paper-1st-shift.pdf
IBPS-PO-Mains-2024-Memory-Based-Paper-1st-shift.json,Ibps,144,pyq_61004651a66b3fc1_p146,RECOVERABLE — synth queue (will get auto-fixed in next session),QUANT,percentage,QNT_PCT,The ratio of the selling price of items R and S in 2024 is 2:5 and the profit on selling items R and S in 2024 is 20% an,,Banks/IBPS PO/mains/IBPS-PO-Mains-2024-Memory-Based-Paper-1st-shift.pdf
IBPS-PO-Mains-2024-Memory-Based-Paper-1st-shift.json,Ibps,145,pyq_61004651a66b3fc1_p147,RECOVERABLE — synth queue (will get auto-fixed in next session),QUANT,percentage,QNT_PCT,"The ratio of the marked price of Q and R in 2024 is 3:4, and item R is sold at a profit of 60%, and the difference betwe",,Banks/IBPS PO/mains/IBPS-PO-Mains-2024-Memory-Based-Paper-1st-shift.pdf
IBPS-PO-Mains-2024-Memory-Based-Paper-1st-shift.json,Ibps,146,pyq_61004651a66b3fc1_p148,RECOVERABLE — synth queue (will get auto-fixed in next session),DATA_INTERPRETATION,pie_chart,DI_PIE,"If the cost price of P in 2022 and 2024 is equal, then find the ratio of selling price of A in 2022 to 2024.",,Banks/IBPS PO/mains/IBPS-PO-Mains-2024-Memory-Based-Paper-1st-shift.pdf
IBPS-PO-Mains-2024-Memory-Based-Paper-1st-shift.json,Ibps,147,pyq_61004651a66b3fc1_p149,RECOVERABLE — synth queue (will get auto-fixed in next session),UNCLASSIFIED,,GEN_UNC,If the total number of students in E is (Y+5)% more than that of B and out of total students in E 4X% is number of girls,,Banks/IBPS PO/mains/IBPS-PO-Mains-2024-Memory-Based-Paper-1st-shift.pdf
IBPS-PO-Mains-2024-Memory-Based-Paper-1st-shift.json,Ibps,148,pyq_61004651a66b3fc1_p150,RECOVERABLE — synth queue (will get auto-fixed in next session),UNCLASSIFIED,,GEN_UNC,"If the difference between the C provides training to students and total number of students in D is Z, then find which of",,Banks/IBPS PO/mains/IBPS-PO-Mains-2024-Memory-Based-Paper-1st-shift.pdf
IBPS-PO-Mains-2024-Memory-Based-Paper-1st-shift.json,Ibps,149,pyq_61004651a66b3fc1_p151,RECOVERABLE — synth queue (will get auto-fixed in next session),QUANT,number_system,QNT_NUM,"If A provides training to only C’s students and B provide training to only D’s students, then, the average number of stu",,Banks/IBPS PO/mains/IBPS-PO-Mains-2024-Memory-Based-Paper-1st-shift.pdf
IBPS-PO-Mains-2024-Memory-Based-Paper-1st-shift.json,Ibps,150,pyq_61004651a66b3fc1_p152,RECOVERABLE — synth queue (will get auto-fixed in next session),QUANT,ratio_proportion,QNT_RATIO,If the total number of students in F is Y/5 times of the number of students provide training by C and the A provides tra,,Banks/IBPS PO/mains/IBPS-PO-Mains-2024-Memory-Based-Paper-1st-shift.pdf
IBPS-PO-Mains-2025-Memory-Based-Paper-12-Oct-2025-English.json,Ibps,2,pyq_c6a47d2e64ee6f59_p2,RECOVERABLE — synth queue (will get auto-fixed in next session),COMPUTER,networking,CMP_NET,"The one who sits immediate left of Y, sits opposite to the person who sits _________ of K?",,Banks/IBPS PO/mains/IBPS-PO-Mains-2025-Memory-Based-Paper-12-Oct-2025-English.pdf
IBPS-PO-Pre-2025-Memory-Based-Paper-23-Aug-2025-2nd-shift.json,Ibps,90,pyq_87a51c78ccbc0348_p90,RECOVERABLE — synth queue (will get auto-fixed in next session),UNCLASSIFIED,,GEN_UNC,"A can complete 40% of a work in 8 days, while B takes four more days than that of A to complete the same work. Find the ",,Banks/IBPS PO/prelims/IBPS-PO-Pre-2025-Memory-Based-Paper-23-Aug-2025-2nd-shift.pdf
RRB_NTPC_2024_Under_Graduate_Level_CBT_2_Question_Paper_PDF_English_Dec_20_2025__77d9450a7034b3a06335018d372a5cbc.json,Rrb,21,pyq_7e3aac66a6bf628e_p21,RECOVERABLE — synth queue (will get auto-fixed in next session),QUANT,simplification,QNT_SIMP,Simplify,,RRB/NTPC/CBT 2/RRB_NTPC_2024_Under_Graduate_Level_CBT_2_Question_Paper_PDF_English_Dec_20_2025__77d9450a7034b3a06335018d372a5cbc.pdf
RRB_NTPC_UG_Answer_Key_English_07_08_2025_Shift_1_Paper_2__95756d68b349d4c5f8e759a581479476.json,Rrb,50,pyq_f99a5b8d678e9617_p10,RECOVERABLE — synth queue (will get auto-fixed in next session),UNCLASSIFIED,,GEN_UNC,"Priya can do a certain piece of work in 26 days. Priya and Varsha can together do the same work in 13 days, and Priya, V",,RRB/NTPC/CBT 1/RRB_NTPC_UG_Answer_Key_English_07_08_2025_Shift_1_Paper_2__95756d68b349d4c5f8e759a581479476.pdf
RRB_NTPC_UG_Answer_Key_English_07_08_2025_Shift_1_Paper_2__95756d68b349d4c5f8e759a581479476.json,Rrb,52,pyq_f99a5b8d678e9617_p12,RECOVERABLE — synth queue (will get auto-fixed in next session),QUANT,percentage,QNT_PCT,"A trader claims to sell flour at a profit of 47%, but also dishonestly uses a weight which is 8% less than what is menti",,RRB/NTPC/CBT 1/RRB_NTPC_UG_Answer_Key_English_07_08_2025_Shift_1_Paper_2__95756d68b349d4c5f8e759a581479476.pdf
RRB_NTPC_UG_Answer_Key_English_07_08_2025_Shift_1_Paper_2__95756d68b349d4c5f8e759a581479476.json,Rrb,68,pyq_f99a5b8d678e9617_p28,RECOVERABLE — synth queue (will get auto-fixed in next session),UNCLASSIFIED,,GEN_UNC,"A can lay railway track between two given stations in 22 days and B can do the same job in 11 days. With the help of C, ",,RRB/NTPC/CBT 1/RRB_NTPC_UG_Answer_Key_English_07_08_2025_Shift_1_Paper_2__95756d68b349d4c5f8e759a581479476.pdf
RRB_NTPC_UG_Answer_Key_English_07_08_2025_Shift_2_Paper_bd0aa034b5e4ccab7dfd55c793f9893f.json,Rrb,47,pyq_75751158736445ac_p7,RECOVERABLE — synth queue (will get auto-fixed in next session),UNCLASSIFIED,,GEN_UNC,"Pipe A can fill a tank in 16 hours, pipe B can fill the same tank in 25 hours and pipe C can fill the same tank in 12 ho",,RRB/NTPC/CBT 1/RRB_NTPC_UG_Answer_Key_English_07_08_2025_Shift_2_Paper_bd0aa034b5e4ccab7dfd55c793f9893f.pdf
RRB_NTPC_UG_Answer_Key_English_07_08_2025_Shift_3_Paper_b8fda460ee00827bf13bd5c2bd028d01.json,Rrb,9,pyq_65bd04adab268b62_p9,RECOVERABLE — synth queue (will get auto-fixed in next session),UNCLASSIFIED,,GEN_UNC,Men’s Cricketer of the Year for outstanding performance in 2024? 1. Rohit Sharma,,RRB/NTPC/CBT 1/RRB_NTPC_UG_Answer_Key_English_07_08_2025_Shift_3_Paper_b8fda460ee00827bf13bd5c2bd028d01.pdf
RRB_NTPC_UG_Answer_Key_English_07_08_2025_Shift_3_Paper_b8fda460ee00827bf13bd5c2bd028d01.json,Rrb,15,pyq_65bd04adab268b62_p15,RECOVERABLE — synth queue (will get auto-fixed in next session),GENERAL_AWARENESS,polity_constitution,GA_POL,"Which if the following is a landmark judgement of Justice Bela Trivedi, whose official retirement is scheduled for June ",,RRB/NTPC/CBT 1/RRB_NTPC_UG_Answer_Key_English_07_08_2025_Shift_3_Paper_b8fda460ee00827bf13bd5c2bd028d01.pdf
RRB_NTPC_UG_Answer_Key_English_07_08_2025_Shift_3_Paper_b8fda460ee00827bf13bd5c2bd028d01.json,Rrb,49,pyq_65bd04adab268b62_p9,RECOVERABLE — synth queue (will get auto-fixed in next session),QUANT,percentage,QNT_PCT,"Sakshi bought a toy for ₹456, decorated it at a cost of ₹20 and sold the toy for ₹612. Find the loss or profit percentag",,RRB/NTPC/CBT 1/RRB_NTPC_UG_Answer_Key_English_07_08_2025_Shift_3_Paper_b8fda460ee00827bf13bd5c2bd028d01.pdf
RRB_NTPC_UG_Answer_Key_English_07_08_2025_Shift_3_Paper_b8fda460ee00827bf13bd5c2bd028d01.json,Rrb,64,pyq_65bd04adab268b62_p24,RECOVERABLE — synth queue (will get auto-fixed in next session),UNCLASSIFIED,,GEN_UNC,"Anjali can do a certain piece of work in 30 days. Anjali and Ayushi can together do the same work in 18 days, and Anjali",,RRB/NTPC/CBT 1/RRB_NTPC_UG_Answer_Key_English_07_08_2025_Shift_3_Paper_b8fda460ee00827bf13bd5c2bd028d01.pdf
RRB_NTPC_UG_Answer_Key_English_07_08_2025_Shift_3_Paper_b8fda460ee00827bf13bd5c2bd028d01.json,Rrb,65,pyq_65bd04adab268b62_p25,RECOVERABLE — synth queue (will get auto-fixed in next session),UNCLASSIFIED,,GEN_UNC,"A can lay railway track between two given stations in 19 days and B can do the same job in 16 days. With the help of C, ",,RRB/NTPC/CBT 1/RRB_NTPC_UG_Answer_Key_English_07_08_2025_Shift_3_Paper_b8fda460ee00827bf13bd5c2bd028d01.pdf
RRB_NTPC_UG_Answer_Key_English_08_08_2025_Shift_1_Paper_35ad90b3baa6bb3a12286caa7e772c5a.json,Rrb,28,pyq_498e48c35005280e_p28,RECOVERABLE — synth queue (will get auto-fixed in next session),UNCLASSIFIED,,GEN_UNC,a computer system? 1. Giving files meaningful and descriptive names,,RRB/NTPC/CBT 1/RRB_NTPC_UG_Answer_Key_English_08_08_2025_Shift_1_Paper_35ad90b3baa6bb3a12286caa7e772c5a.pdf
RRB_NTPC_UG_Answer_Key_English_08_08_2025_Shift_1_Paper_35ad90b3baa6bb3a12286caa7e772c5a.json,Rrb,38,pyq_498e48c35005280e_p38,RECOVERABLE — synth queue (will get auto-fixed in next session),UNCLASSIFIED,,GEN_UNC,Esports World Cup (EWC) 2025 through the second leg of the Champions Chess Tour? 1. Arjun Erigaisi,,RRB/NTPC/CBT 1/RRB_NTPC_UG_Answer_Key_English_08_08_2025_Shift_1_Paper_35ad90b3baa6bb3a12286caa7e772c5a.pdf
RRB_NTPC_UG_Answer_Key_English_08_08_2025_Shift_1_Paper_35ad90b3baa6bb3a12286caa7e772c5a.json,Rrb,65,pyq_498e48c35005280e_p25,RECOVERABLE — synth queue (will get auto-fixed in next session),UNCLASSIFIED,,GEN_UNC,"Pipe A can fill a tank in 16 hours, pipe B can fill the same tank in 28 hours and pipe C can fill the same tank in 8 hou",,RRB/NTPC/CBT 1/RRB_NTPC_UG_Answer_Key_English_08_08_2025_Shift_1_Paper_35ad90b3baa6bb3a12286caa7e772c5a.pdf
SBI-PO-Pre-Memory-Based-Paper-Mock-01-1-Nov-2023.json,Sbi,42,pyq_fd20abadffa5aee2_p42,RECOVERABLE — synth queue (will get auto-fixed in next session),UNCLASSIFIED,,GEN_UNC,(a) (b) (c) (d) (e),,Banks/SBI PO/prelims/SBI-PO-Pre-Memory-Based-Paper-Mock-01-1-Nov-2023.pdf
SBI-PO-Pre-Memory-Based-Paper-Mock-01-1-Nov-2023.json,Sbi,43,pyq_fd20abadffa5aee2_p43,RECOVERABLE — synth queue (will get auto-fixed in next session),UNCLASSIFIED,,GEN_UNC,(a) (b) (c) (d) (e),,Banks/SBI PO/prelims/SBI-PO-Pre-Memory-Based-Paper-Mock-01-1-Nov-2023.pdf
SBI-PO-Pre-Memory-Based-Paper-Mock-01-1-Nov-2023.json,Sbi,44,pyq_fd20abadffa5aee2_p44,RECOVERABLE — synth queue (will get auto-fixed in next session),UNCLASSIFIED,,GEN_UNC,(a) (b) (c) (d) (e),,Banks/SBI PO/prelims/SBI-PO-Pre-Memory-Based-Paper-Mock-01-1-Nov-2023.pdf
SBI-PO-Pre-Memory-Based-Paper-Mock-01-1-Nov-2023.json,Sbi,45,pyq_fd20abadffa5aee2_p45,RECOVERABLE — synth queue (will get auto-fixed in next session),UNCLASSIFIED,,GEN_UNC,(a) (b) (c) (d) (e) 12 www.sscadda.com              |              www.bankersadda.com             |            www.adda,,Banks/SBI PO/prelims/SBI-PO-Pre-Memory-Based-Paper-Mock-01-1-Nov-2023.pdf
SBI-PO-Pre-Memory-Based-Paper-Mock-01-1-Nov-2023.json,Sbi,46,pyq_fd20abadffa5aee2_p46,RECOVERABLE — synth queue (will get auto-fixed in next session),UNCLASSIFIED,,GEN_UNC,(a) (b) (c) (d) (e),,Banks/SBI PO/prelims/SBI-PO-Pre-Memory-Based-Paper-Mock-01-1-Nov-2023.pdf
SSC-CGL-Tier-1-Question-Paper-English_23.09.2024_04.00-PM-05.00-PM.json,Ssc,22,pyq_0562fbf0d58d1a73_p22,RECOVERABLE — synth queue (will get auto-fixed in next session),REASONING,,REA_UNC,Which figure should replace the question mark (?) if the following series were to be continued?,,cgl/Tier-1/SSC-CGL-Tier-1-Question-Paper-English_23.09.2024_04.00-PM-05.00-PM.pdf
SSC-CGL-Tier-1-Question-Paper-English_23.09.2024_04.00-PM-05.00-PM.json,Ssc,57,pyq_0562fbf0d58d1a73_p8,RECOVERABLE — synth queue (will get auto-fixed in next session),QUANT,mensuration_2d,QNT_MENS_2D,Find the area of a rectangle whose length is 52m and breadth is 9m.,,cgl/Tier-1/SSC-CGL-Tier-1-Question-Paper-English_23.09.2024_04.00-PM-05.00-PM.pdf
SSC-CGL-Tier-1-Question-Paper-English_23.09.2024_04.00-PM-05.00-PM.json,Ssc,60,pyq_0562fbf0d58d1a73_p11,RECOVERABLE — synth queue (will get auto-fixed in next session),QUANT,pipes_and_cisterns,QNT_PIPES,"Two pipes A and B can fill a tank in 20 and 30 hours, respectively. Both pipes are opened to fill the tank, but when the",,cgl/Tier-1/SSC-CGL-Tier-1-Question-Paper-English_23.09.2024_04.00-PM-05.00-PM.pdf
SSC-CGL-Tier-1-Question-Paper-English_23.09.2024_04.00-PM-05.00-PM.json,Ssc,72,pyq_0562fbf0d58d1a73_p23,RECOVERABLE — synth queue (will get auto-fixed in next session),QUANT,mensuration_2d,QNT_MENS_2D,"The length of the tangent drawn from a point 10 cm away from the centre of a circle with radius 4 cm, is:",,cgl/Tier-1/SSC-CGL-Tier-1-Question-Paper-English_23.09.2024_04.00-PM-05.00-PM.pdf
SSC-CGL-Tier-1-Question-Paper-English_23.09.2024_12.30-PM-01.30-PM.json,Ssc,11,pyq_66e8d441d68427ca_p11,RECOVERABLE — synth queue (will get auto-fixed in next session),REASONING,syllogism,RSN_SYL,Identify the option figure that when put in place of the question mark (?) will logically complete the series.,,cgl/Tier-1/SSC-CGL-Tier-1-Question-Paper-English_23.09.2024_12.30-PM-01.30-PM.pdf
SSC-CGL-Tier-1-Question-Paper-English_23.09.2024_12.30-PM-01.30-PM.json,Ssc,60,pyq_66e8d441d68427ca_p10,RECOVERABLE — synth queue (will get auto-fixed in next session),QUANT,simple_compound_interest,QNT_SI_CI,The simple interest on a sum for 8 years is three-fifth of the sum. The rate of interest per annum is:,,cgl/Tier-1/SSC-CGL-Tier-1-Question-Paper-English_23.09.2024_12.30-PM-01.30-PM.pdf
SSC-CGL-Tier-1-Question-Paper-English_23.09.2024_12.30-PM-01.30-PM.json,Ssc,66,pyq_66e8d441d68427ca_p16,RECOVERABLE — synth queue (will get auto-fixed in next session),QUANT,mensuration_2d,QNT_MENS_2D,AB is the chord of the circle with centre O. A line segment DOC originating from a point D on the circumference of the c,,cgl/Tier-1/SSC-CGL-Tier-1-Question-Paper-English_23.09.2024_12.30-PM-01.30-PM.pdf
SSC-CGL-Tier-1-Question-Paper-English_23.09.2024_12.30-PM-01.30-PM.json,Ssc,68,pyq_66e8d441d68427ca_p18,RECOVERABLE — synth queue (will get auto-fixed in next session),QUANT,trigonometry,QNT_TRIG,If cos A + cos 2 A = 1 then sin 2 A + sin 4 A is equal to:,,cgl/Tier-1/SSC-CGL-Tier-1-Question-Paper-English_23.09.2024_12.30-PM-01.30-PM.pdf
SSC-CGL-Tier-1-Question-Paper-English_23.09.2024_9.00-AM-10.00-AM.json,Ssc,3,pyq_8077fffaac05638b_p3,RECOVERABLE — synth queue (will get auto-fixed in next session),REASONING,,REA_UNC,Which figure should replace the question mark (?) if the following series were to be continued?,,cgl/Tier-1/SSC-CGL-Tier-1-Question-Paper-English_23.09.2024_9.00-AM-10.00-AM.pdf
SSC-CGL-Tier-1-Question-Paper-English_23.09.2024_9.00-AM-10.00-AM.json,Ssc,13,pyq_8077fffaac05638b_p13,RECOVERABLE — synth queue (will get auto-fixed in next session),REASONING,,REA_UNC,A transparent sheet with a pattern is given below. Select the option that depicts the pattern that would appear when the,,cgl/Tier-1/SSC-CGL-Tier-1-Question-Paper-English_23.09.2024_9.00-AM-10.00-AM.pdf
SSC-CGL-Tier-1-Question-Paper-English_23.09.2024_9.00-AM-10.00-AM.json,Ssc,20,pyq_8077fffaac05638b_p20,RECOVERABLE — synth queue (will get auto-fixed in next session),REASONING,syllogism,RSN_SYL,Select the option figure in which the given figure (X) is embedded (rotation is NOT allowed).,,cgl/Tier-1/SSC-CGL-Tier-1-Question-Paper-English_23.09.2024_9.00-AM-10.00-AM.pdf
SSC-CGL-Tier-1-Question-Paper-English_23.09.2024_9.00-AM-10.00-AM.json,Ssc,60,pyq_8077fffaac05638b_p10,RECOVERABLE — synth queue (will get auto-fixed in next session),QUANT,mensuration_2d,QNT_MENS_2D,Which of the following are the angles of a scalene triangle?,,cgl/Tier-1/SSC-CGL-Tier-1-Question-Paper-English_23.09.2024_9.00-AM-10.00-AM.pdf
SSC-CGL-Tier-1-Question-Paper-English_23.09.2024_9.00-AM-10.00-AM.json,Ssc,67,pyq_8077fffaac05638b_p17,RECOVERABLE — synth queue (will get auto-fixed in next session),QUANT,,QUA_UNC,Find the length of the longest stick that can be fitted in a cubical vessel of edge 70 cm.,,cgl/Tier-1/SSC-CGL-Tier-1-Question-Paper-English_23.09.2024_9.00-AM-10.00-AM.pdf
SSC-CGL-Tier-1-Question-Paper-English_24.09.2024_04.00-PM-05.00-PM.json,Ssc,18,pyq_4a6aa3f4a23f1b1c_p18,RECOVERABLE — synth queue (will get auto-fixed in next session),REASONING,syllogism,RSN_SYL,Identify the figure from among the given options which when put in place of the question mark (?) will logically complet,,cgl/Tier-1/SSC-CGL-Tier-1-Question-Paper-English_24.09.2024_04.00-PM-05.00-PM.pdf
SSC-CGL-Tier-1-Question-Paper-English_24.09.2024_04.00-PM-05.00-PM.json,Ssc,19,pyq_4a6aa3f4a23f1b1c_p19,RECOVERABLE — synth queue (will get auto-fixed in next session),REASONING,,REA_UNC,Select the figure from among the given options that can replace the question mark (?) in the following series.,,cgl/Tier-1/SSC-CGL-Tier-1-Question-Paper-English_24.09.2024_04.00-PM-05.00-PM.pdf
SSC-CGL-Tier-1-Question-Paper-English_24.09.2024_12.30-PM-01.30-PM.json,Ssc,12,pyq_3259acf39b8d3f31_p12,RECOVERABLE — synth queue (will get auto-fixed in next session),REASONING,syllogism,RSN_SYL,Select the figure from among the given options that can replace the question mark (?) and logically complete the series.,,cgl/Tier-1/SSC-CGL-Tier-1-Question-Paper-English_24.09.2024_12.30-PM-01.30-PM.pdf
SSC-CGL-Tier-1-Question-Paper-English_24.09.2024_12.30-PM-01.30-PM.json,Ssc,60,pyq_3259acf39b8d3f31_p10,RECOVERABLE — synth queue (will get auto-fixed in next session),QUANT,mensuration_2d,QNT_MENS_2D,The radii of two circles are 8 cm and 15 cm.The perimeter of the circle having area equal to the sum of the areas of the,,cgl/Tier-1/SSC-CGL-Tier-1-Question-Paper-English_24.09.2024_12.30-PM-01.30-PM.pdf
SSC-CGL-Tier-1-Question-Paper-English_24.09.2024_12.30-PM-01.30-PM.json,Ssc,61,pyq_3259acf39b8d3f31_p11,RECOVERABLE — synth queue (will get auto-fixed in next session),QUANT,simplification,QNT_SIMP,For what value of K does the following system have an infinite number of solutions? x + 2Ky - 8 = 0 2x - y - 16 = 0,,cgl/Tier-1/SSC-CGL-Tier-1-Question-Paper-English_24.09.2024_12.30-PM-01.30-PM.pdf
SSC-CGL-Tier-1-Question-Paper-English_24.09.2024_9.00-AM-10.00-AM.json,Ssc,13,pyq_d421ebb87fc38dad_p13,RECOVERABLE — synth queue (will get auto-fixed in next session),REASONING,,REA_UNC,Which figure should replace the question mark (?) if the following series were to be continued?,,cgl/Tier-1/SSC-CGL-Tier-1-Question-Paper-English_24.09.2024_9.00-AM-10.00-AM.pdf
SSC-CGL-Tier-1-Question-Paper-English_24.09.2024_9.00-AM-10.00-AM.json,Ssc,71,pyq_d421ebb87fc38dad_p21,RECOVERABLE — synth queue (will get auto-fixed in next session),QUANT,percentage,QNT_PCT,"Samreen sells a keyboard for ₹1,260 at a profit of 25%, and another keyboard for ₹1,440 at a loss of 10%. What is her to",,cgl/Tier-1/SSC-CGL-Tier-1-Question-Paper-English_24.09.2024_9.00-AM-10.00-AM.pdf
SSC-CGL-Tier-1-Question-Paper-English_24.09.2024_9.00-AM-10.00-AM.json,Ssc,72,pyq_d421ebb87fc38dad_p22,RECOVERABLE — synth queue (will get auto-fixed in next session),QUANT,geometry_lines_angles,QNT_GEOM,"If ,then A = ________, where 3A is an acute angle.",,cgl/Tier-1/SSC-CGL-Tier-1-Question-Paper-English_24.09.2024_9.00-AM-10.00-AM.pdf
SSC-CGL-Tier-1-Question-Paper-English_24.09.2024_9.00-AM-10.00-AM.json,Ssc,75,pyq_d421ebb87fc38dad_p25,RECOVERABLE — synth queue (will get auto-fixed in next session),QUANT,,QUA_UNC,"Amit’s father is aged five times more than Amit. After 6 years, he would be three and a half times of Amit’s age. After ",,cgl/Tier-1/SSC-CGL-Tier-1-Question-Paper-English_24.09.2024_9.00-AM-10.00-AM.pdf
SSC-CGL-Tier-1-Question-Paper-English_25.09.2024_04.00-PM-05.00-PM.json,Ssc,14,pyq_c2ce12d35b7c8aa8_p14,RECOVERABLE — synth queue (will get auto-fixed in next session),REASONING,,REA_UNC,Select the figure from among the given options that can replace the question mark (?) in the following series.,,cgl/Tier-1/SSC-CGL-Tier-1-Question-Paper-English_25.09.2024_04.00-PM-05.00-PM.pdf
SSC-CGL-Tier-1-Question-Paper-English_25.09.2024_04.00-PM-05.00-PM.json,Ssc,19,pyq_c2ce12d35b7c8aa8_p19,RECOVERABLE — synth queue (will get auto-fixed in next session),REASONING,,REA_UNC,Select the figure from among the given options that can replace the question mark (?) in the following series.,,cgl/Tier-1/SSC-CGL-Tier-1-Question-Paper-English_25.09.2024_04.00-PM-05.00-PM.pdf
SSC-CGL-Tier-1-Question-Paper-English_25.09.2024_04.00-PM-05.00-PM.json,Ssc,61,pyq_c2ce12d35b7c8aa8_p12,RECOVERABLE — synth queue (will get auto-fixed in next session),QUANT,mensuration_3d,QNT_MENS_3D,"A well with 14 cm radius is dug 23 cm deep. Find the volume of the earth taken out of it. 1. 14,168 cm 3",,cgl/Tier-1/SSC-CGL-Tier-1-Question-Paper-English_25.09.2024_04.00-PM-05.00-PM.pdf
SSC-CGL-Tier-1-Question-Paper-English_25.09.2024_04.00-PM-05.00-PM.json,Ssc,62,pyq_c2ce12d35b7c8aa8_p13,RECOVERABLE — synth queue (will get auto-fixed in next session),QUANT,simplification,QNT_SIMP,What is the value of,,cgl/Tier-1/SSC-CGL-Tier-1-Question-Paper-English_25.09.2024_04.00-PM-05.00-PM.pdf
SSC-CGL-Tier-1-Question-Paper-English_25.09.2024_04.00-PM-05.00-PM.json,Ssc,63,pyq_c2ce12d35b7c8aa8_p14,RECOVERABLE — synth queue (will get auto-fixed in next session),QUANT,trigonometry,QNT_TRIG,"If secθ + tanθ = x, then find sinθ.",,cgl/Tier-1/SSC-CGL-Tier-1-Question-Paper-English_25.09.2024_04.00-PM-05.00-PM.pdf
SSC-CGL-Tier-1-Question-Paper-English_25.09.2024_12.30-PM-01.30-PM.json,Ssc,5,pyq_3516df873618afe1_p5,RECOVERABLE — synth queue (will get auto-fixed in next session),REASONING,syllogism,RSN_SYL,Identify the figure from among the given options which when put in place of the question mark (?) will logically complet,,cgl/Tier-1/SSC-CGL-Tier-1-Question-Paper-English_25.09.2024_12.30-PM-01.30-PM.pdf
SSC-CGL-Tier-1-Question-Paper-English_25.09.2024_12.30-PM-01.30-PM.json,Ssc,12,pyq_3516df873618afe1_p12,RECOVERABLE — synth queue (will get auto-fixed in next session),REASONING,syllogism,RSN_SYL,Select the figure from among the given options that can replace the question mark (?) and logically complete the series.,,cgl/Tier-1/SSC-CGL-Tier-1-Question-Paper-English_25.09.2024_12.30-PM-01.30-PM.pdf
SSC-CGL-Tier-1-Question-Paper-English_25.09.2024_12.30-PM-01.30-PM.json,Ssc,53,pyq_3516df873618afe1_p3,RECOVERABLE — synth queue (will get auto-fixed in next session),QUANT,pipes_and_cisterns,QNT_PIPES,"Two pipes X and Y can fill a tank in 14 hours and 21 hours, respectively. Both pipes are opened simultaneously to fill t",,cgl/Tier-1/SSC-CGL-Tier-1-Question-Paper-English_25.09.2024_12.30-PM-01.30-PM.pdf
SSC-CGL-Tier-1-Question-Paper-English_25.09.2024_12.30-PM-01.30-PM.json,Ssc,68,pyq_3516df873618afe1_p18,RECOVERABLE — synth queue (will get auto-fixed in next session),QUANT,percentage,QNT_PCT,"During a new-year sale, a shopkeeper offers a discount scheme to his customers, ‘Buy 5 Sweaters, Get 2 Sweaters Free’. F",,cgl/Tier-1/SSC-CGL-Tier-1-Question-Paper-English_25.09.2024_12.30-PM-01.30-PM.pdf
SSC-CGL-Tier-1-Question-Paper-English_25.09.2024_9.00-AM-10.00-AM.json,Ssc,4,pyq_d6b936df0001d773_p4,RECOVERABLE — synth queue (will get auto-fixed in next session),REASONING,syllogism,RSN_SYL,Select the option figure in which the given figure (X) is embedded (rotation is NOT allowed).,,cgl/Tier-1/SSC-CGL-Tier-1-Question-Paper-English_25.09.2024_9.00-AM-10.00-AM.pdf
SSC-CGL-Tier-1-Question-Paper-English_25.09.2024_9.00-AM-10.00-AM.json,Ssc,14,pyq_d6b936df0001d773_p14,RECOVERABLE — synth queue (will get auto-fixed in next session),REASONING,,REA_UNC,Select the figure from among the given option that can replace the question mark (?) in the following series.,,cgl/Tier-1/SSC-CGL-Tier-1-Question-Paper-English_25.09.2024_9.00-AM-10.00-AM.pdf
SSC-CGL-Tier-1-Question-Paper-English_25.09.2024_9.00-AM-10.00-AM.json,Ssc,51,pyq_d6b936df0001d773_p1,RECOVERABLE — synth queue (will get auto-fixed in next session),QUANT,simplification,QNT_SIMP,Find the value of (cosec θ - sin θ )(sec θ - cos θ )(tan θ + cot θ ).,,cgl/Tier-1/SSC-CGL-Tier-1-Question-Paper-English_25.09.2024_9.00-AM-10.00-AM.pdf
SSC-CGL-Tier-1-Question-Paper-English_25.09.2024_9.00-AM-10.00-AM.json,Ssc,56,pyq_d6b936df0001d773_p6,RECOVERABLE — synth queue (will get auto-fixed in next session),QUANT,,QUA_UNC,is equal to:,,cgl/Tier-1/SSC-CGL-Tier-1-Question-Paper-English_25.09.2024_9.00-AM-10.00-AM.pdf
SSC-CGL-Tier-1-Question-Paper-English_25.09.2024_9.00-AM-10.00-AM.json,Ssc,58,pyq_d6b936df0001d773_p8,RECOVERABLE — synth queue (will get auto-fixed in next session),QUANT,percentage,QNT_PCT,"Ramesh purchased 130 books at the rate of ₹200 each and sold half of them at the rate of ₹300 each, one-fifth of them at",,cgl/Tier-1/SSC-CGL-Tier-1-Question-Paper-English_25.09.2024_9.00-AM-10.00-AM.pdf
SSC-CGL-Tier-1-Question-Paper-English_25.09.2024_9.00-AM-10.00-AM.json,Ssc,59,pyq_d6b936df0001d773_p9,RECOVERABLE — synth queue (will get auto-fixed in next session),QUANT,mensuration_2d,QNT_MENS_2D,"The centres of two circles are 36 cm apart. If the radii of these two circles are 15 cm and 9 cm, respectively, then wha",,cgl/Tier-1/SSC-CGL-Tier-1-Question-Paper-English_25.09.2024_9.00-AM-10.00-AM.pdf
SSC-CGL-Tier-1-Question-Paper-English_25.09.2024_9.00-AM-10.00-AM.json,Ssc,66,pyq_d6b936df0001d773_p16,RECOVERABLE — synth queue (will get auto-fixed in next session),QUANT,,QUA_UNC,Which of the following fractions is the largest?,,cgl/Tier-1/SSC-CGL-Tier-1-Question-Paper-English_25.09.2024_9.00-AM-10.00-AM.pdf
SSC-CGL-Tier-1-Question-Paper-English_25.09.2024_9.00-AM-10.00-AM.json,Ssc,67,pyq_d6b936df0001d773_p17,RECOVERABLE — synth queue (will get auto-fixed in next session),QUANT,pipes_and_cisterns,QNT_PIPES,An inlet pipe can fill a water storage tank in 11 hours and an outlet pipe can empty the completely filled tank in 15 ho,,cgl/Tier-1/SSC-CGL-Tier-1-Question-Paper-English_25.09.2024_9.00-AM-10.00-AM.pdf
SSC-CGL-Tier-1-Question-Paper-English_25.09.2024_9.00-AM-10.00-AM.json,Ssc,71,pyq_d6b936df0001d773_p21,RECOVERABLE — synth queue (will get auto-fixed in next session),QUANT,algebra_equations,QNT_ALG,Find the values of 'a' and 'b' for which the system of equations 3x+y=3 and (a-b)x+ (a+b)y=3a+b-3 has infinite solutions,,cgl/Tier-1/SSC-CGL-Tier-1-Question-Paper-English_25.09.2024_9.00-AM-10.00-AM.pdf
SSC-CGL-Tier-1-Question-Paper-English_26.09.2024_04.00-PM-05.00-PM.json,Ssc,4,pyq_97f6a57e611ecb5f_p4,RECOVERABLE — synth queue (will get auto-fixed in next session),REASONING,syllogism,RSN_SYL,Select the figure from among the given options that can replace the question mark (?) and logically complete the series.,,cgl/Tier-1/SSC-CGL-Tier-1-Question-Paper-English_26.09.2024_04.00-PM-05.00-PM.pdf
SSC-CGL-Tier-1-Question-Paper-English_26.09.2024_04.00-PM-05.00-PM.json,Ssc,8,pyq_97f6a57e611ecb5f_p8,RECOVERABLE — synth queue (will get auto-fixed in next session),REASONING,direction_sense,RSN_DIR,A square sheet of paper is folded along the dotted line successively along the directions shown and is then punched in t,,cgl/Tier-1/SSC-CGL-Tier-1-Question-Paper-English_26.09.2024_04.00-PM-05.00-PM.pdf
SSC-CGL-Tier-1-Question-Paper-English_26.09.2024_04.00-PM-05.00-PM.json,Ssc,74,pyq_97f6a57e611ecb5f_p25,RECOVERABLE — synth queue (will get auto-fixed in next session),QUANT,mensuration_2d,QNT_MENS_2D,"A secant PAB is drawn from an external point P to the circle with the centre at O, intersecting it at A and B. If OP = 1",,cgl/Tier-1/SSC-CGL-Tier-1-Question-Paper-English_26.09.2024_04.00-PM-05.00-PM.pdf
SSC-CGL-Tier-1-Question-Paper-English_26.09.2024_12.30-PM-01.30-PM.json,Ssc,4,pyq_bee44245d5dcbdb0_p4,RECOVERABLE — synth queue (will get auto-fixed in next session),REASONING,syllogism,RSN_SYL,Select the option figure in which the given figure (X) is embedded (rotation is NOT allowed).,,cgl/Tier-1/SSC-CGL-Tier-1-Question-Paper-English_26.09.2024_12.30-PM-01.30-PM.pdf
SSC-CGL-Tier-1-Question-Paper-English_26.09.2024_12.30-PM-01.30-PM.json,Ssc,6,pyq_bee44245d5dcbdb0_p6,RECOVERABLE — synth queue (will get auto-fixed in next session),REASONING,direction_sense,RSN_DIR,A sheet of paper is folded along the dotted line successively along the directions shown and is then punched in the last,,cgl/Tier-1/SSC-CGL-Tier-1-Question-Paper-English_26.09.2024_12.30-PM-01.30-PM.pdf
SSC-CGL-Tier-1-Question-Paper-English_26.09.2024_12.30-PM-01.30-PM.json,Ssc,13,pyq_bee44245d5dcbdb0_p13,RECOVERABLE — synth queue (will get auto-fixed in next session),REASONING,,REA_UNC,Which figure should replace the question mark (?) if the following series were to be continued?,,cgl/Tier-1/SSC-CGL-Tier-1-Question-Paper-English_26.09.2024_12.30-PM-01.30-PM.pdf
SSC-CGL-Tier-1-Question-Paper-English_26.09.2024_12.30-PM-01.30-PM.json,Ssc,61,pyq_bee44245d5dcbdb0_p11,RECOVERABLE — synth queue (will get auto-fixed in next session),QUANT,percentage,QNT_PCT,Raman fixes the sale price of his goods at 16% above the cost price. He sells his goods at 12% less than the fixed price,,cgl/Tier-1/SSC-CGL-Tier-1-Question-Paper-English_26.09.2024_12.30-PM-01.30-PM.pdf
SSC-CGL-Tier-1-Question-Paper-English_26.09.2024_12.30-PM-01.30-PM.json,Ssc,63,pyq_bee44245d5dcbdb0_p13,RECOVERABLE — synth queue (will get auto-fixed in next session),QUANT,,QUA_UNC,1. 3432 cm 2,,cgl/Tier-1/SSC-CGL-Tier-1-Question-Paper-English_26.09.2024_12.30-PM-01.30-PM.pdf
SSC-CGL-Tier-1-Question-Paper-English_26.09.2024_12.30-PM-01.30-PM.json,Ssc,64,pyq_bee44245d5dcbdb0_p14,RECOVERABLE — synth queue (will get auto-fixed in next session),QUANT,,QUA_UNC,"If , then is equal to:",,cgl/Tier-1/SSC-CGL-Tier-1-Question-Paper-English_26.09.2024_12.30-PM-01.30-PM.pdf
SSC-CGL-Tier-1-Question-Paper-English_26.09.2024_12.30-PM-01.30-PM.json,Ssc,70,pyq_bee44245d5dcbdb0_p21,RECOVERABLE — synth queue (will get auto-fixed in next session),QUANT,mensuration_2d,QNT_MENS_2D,"In a circle with center O, an arc ABC subtends an angle of at the centre of the circle. The chord AB is produced to a po",,cgl/Tier-1/SSC-CGL-Tier-1-Question-Paper-English_26.09.2024_12.30-PM-01.30-PM.pdf
SSC-CGL-Tier-1-Question-Paper-English_26.09.2024_12.30-PM-01.30-PM.json,Ssc,72,pyq_bee44245d5dcbdb0_p23,RECOVERABLE — synth queue (will get auto-fixed in next session),QUANT,percentage,QNT_PCT,"Suresh’s expenditure and savings are in the ratio of 3 : 1. His income increases by 25%. If his savings increase by 20%,",,cgl/Tier-1/SSC-CGL-Tier-1-Question-Paper-English_26.09.2024_12.30-PM-01.30-PM.pdf
SSC-CGL-Tier-1-Question-Paper-English_26.09.2024_9.00-AM-10.00-AM.json,Ssc,10,pyq_e0ab29b42141fbfa_p10,RECOVERABLE — synth queue (will get auto-fixed in next session),REASONING,,REA_UNC,Select the figure from among the given options that can replace the question mark (?) in the following series.,,cgl/Tier-1/SSC-CGL-Tier-1-Question-Paper-English_26.09.2024_9.00-AM-10.00-AM.pdf
SSC-CGL-Tier-1-Question-Paper-English_26.09.2024_9.00-AM-10.00-AM.json,Ssc,22,pyq_e0ab29b42141fbfa_p22,RECOVERABLE — synth queue (will get auto-fixed in next session),REASONING,syllogism,RSN_SYL,Select the option figure in which the given figure (X) is embedded (rotation is NOT allowed).,,cgl/Tier-1/SSC-CGL-Tier-1-Question-Paper-English_26.09.2024_9.00-AM-10.00-AM.pdf
SSC-CGL-Tier-1-Question-Paper-English_26.09.2024_9.00-AM-10.00-AM.json,Ssc,60,pyq_e0ab29b42141fbfa_p10,RECOVERABLE — synth queue (will get auto-fixed in next session),QUANT,simplification,QNT_SIMP,"If (48°+ k) is an acute angle and sin(48°+ k) = cos13°, what is the value of k(in °)?",,cgl/Tier-1/SSC-CGL-Tier-1-Question-Paper-English_26.09.2024_9.00-AM-10.00-AM.pdf
SSC-CGL-Tier-1-Question-Paper-English_26.09.2024_9.00-AM-10.00-AM.json,Ssc,69,pyq_e0ab29b42141fbfa_p20,RECOVERABLE — synth queue (will get auto-fixed in next session),QUANT,,QUA_UNC,1. 704.00 cm 2,,cgl/Tier-1/SSC-CGL-Tier-1-Question-Paper-English_26.09.2024_9.00-AM-10.00-AM.pdf
SSC-CHSL-2022-Tier-II-Official-Paper-Held-On-26-Jun-2023-Shift-1-English.json,Ssc,7,pyq_643b1c9c2e2fe4e9_p7,RECOVERABLE — synth queue (will get auto-fixed in next session),QUANT,percentage,QNT_PCT,"The marked price of a television set is ₹18,000. A shopkeeper allows a discount of 40% and gets a profit of 10%. What is",,chsl/Tier 2/SSC-CHSL-2022-Tier-II-Official-Paper-Held-On-26-Jun-2023-Shift-1-English.pdf
SSC-CHSL-2022-Tier-II-Official-Paper-Held-On-26-Jun-2023-Shift-1-English.json,Ssc,13,pyq_643b1c9c2e2fe4e9_p13,RECOVERABLE — synth queue (will get auto-fixed in next session),QUANT,ratio_proportion,QNT_RATIO,The radii of two cylinders are in the ratio 2 : 1 and their heights are in the ratio 5 : 2. The ratio of their volumes i,,chsl/Tier 2/SSC-CHSL-2022-Tier-II-Official-Paper-Held-On-26-Jun-2023-Shift-1-English.pdf
SSC-CHSL-2022-Tier-II-Official-Paper-Held-On-26-Jun-2023-Shift-1-English.json,Ssc,22,pyq_643b1c9c2e2fe4e9_p22,RECOVERABLE — synth queue (will get auto-fixed in next session),UNCLASSIFIED,,GEN_UNC,"A can do a piece of work in 30 days, B in 50 days and C in 40 days. If A is assisted by B on one day and by C on the nex",,chsl/Tier 2/SSC-CHSL-2022-Tier-II-Official-Paper-Held-On-26-Jun-2023-Shift-1-English.pdf
SSC-CHSL-2022-Tier-II-Official-Paper-Held-On-26-Jun-2023-Shift-1-English.json,Ssc,59,pyq_643b1c9c2e2fe4e9_p29,RECOVERABLE — synth queue (will get auto-fixed in next session),UNCLASSIFIED,,GEN_UNC,"नीचे घटनाओं (i) और (ii) का एक यु  िदया गया है। यह मानते ए िक (i) और (ii) दोनों म  दी गई जानकारी स है , उनके संबंध की ",,chsl/Tier 2/SSC-CHSL-2022-Tier-II-Official-Paper-Held-On-26-Jun-2023-Shift-1-English.pdf
SSC-CHSL-Exam-2023-Tier-II-Official-Paper-Held-On_-02-Nov-2023-Shift-1-Eng.json,Ssc,2,pyq_ea21c2f87ecb1f2f_p2,RECOVERABLE — synth queue (will get auto-fixed in next session),UNCLASSIFIED,,GEN_UNC,A pole stands vertically on the ground with the help of a 12-metre steel wire tied to its top and affixed on the ground.,,chsl/Tier 2/SSC-CHSL-Exam-2023-Tier-II-Official-Paper-Held-On_-02-Nov-2023-Shift-1-Eng.pdf
SSC-CHSL-Exam-2023-Tier-II-Official-Paper-Held-On_-02-Nov-2023-Shift-1-Eng.json,Ssc,10,pyq_ea21c2f87ecb1f2f_p10,RECOVERABLE — synth queue (will get auto-fixed in next session),UNCLASSIFIED,,GEN_UNC,Which of the following statements is NOT true?,,chsl/Tier 2/SSC-CHSL-Exam-2023-Tier-II-Official-Paper-Held-On_-02-Nov-2023-Shift-1-Eng.pdf
SSC-CHSL-Exam-2023-Tier-II-Official-Paper-Held-On_-02-Nov-2023-Shift-1-Eng.json,Ssc,31,pyq_ea21c2f87ecb1f2f_p1,RECOVERABLE — synth queue (will get auto-fixed in next session),REASONING,direction_sense,RSN_DIR,A square sheet of paper is folded along the dotted line successively along the directions shown and is then punched in t,,chsl/Tier 2/SSC-CHSL-Exam-2023-Tier-II-Official-Paper-Held-On_-02-Nov-2023-Shift-1-Eng.pdf
SSC-CHSL-Exam-2023-Tier-II-Official-Paper-Held-On_-02-Nov-2023-Shift-1-Eng.json,Ssc,38,pyq_ea21c2f87ecb1f2f_p8,RECOVERABLE — synth queue (will get auto-fixed in next session),UNCLASSIFIED,,GEN_UNC,The first figure is related to the second figure in a certain way. Study the pattern and select the figure which should ,,chsl/Tier 2/SSC-CHSL-Exam-2023-Tier-II-Official-Paper-Held-On_-02-Nov-2023-Shift-1-Eng.pdf
SSC-CHSL-Exam-2023-Tier-II-Official-Paper-Held-On_-10-Jan-2024-Shift-1-Eng.json,Ssc,6,pyq_cb959dba71432696_p6,RECOVERABLE — synth queue (will get auto-fixed in next session),UNCLASSIFIED,,GEN_UNC,The shadow of a tower standing on level ground is found to be 40 m longer when the Sun's altitude is 30° than when it wa,,chsl/Tier 2/SSC-CHSL-Exam-2023-Tier-II-Official-Paper-Held-On_-10-Jan-2024-Shift-1-Eng.pdf
SSC-CHSL-Exam-2023-Tier-II-Official-Paper-Held-On_-10-Jan-2024-Shift-1-Eng.json,Ssc,17,pyq_cb959dba71432696_p17,RECOVERABLE — synth queue (will get auto-fixed in next session),QUANT,mensuration_2d,QNT_MENS_2D,The base of a right prism is an equilateral triangle with each side measuring 4 cm. If the lateral surface area is 120 c,,chsl/Tier 2/SSC-CHSL-Exam-2023-Tier-II-Official-Paper-Held-On_-10-Jan-2024-Shift-1-Eng.pdf
SSC-CHSL-Exam-2023-Tier-II-Official-Paper-Held-On_-10-Jan-2024-Shift-1-Eng.json,Ssc,22,pyq_cb959dba71432696_p22,RECOVERABLE — synth queue (will get auto-fixed in next session),UNCLASSIFIED,,GEN_UNC,"A man observed the top of an electric pole at angles of elevation of 60° and 30°, respectively, from two different obser",,chsl/Tier 2/SSC-CHSL-Exam-2023-Tier-II-Official-Paper-Held-On_-10-Jan-2024-Shift-1-Eng.pdf
SSC-CHSL-Exam-2023-Tier-II-Official-Paper-Held-On_-10-Jan-2024-Shift-1-Eng.json,Ssc,49,pyq_cb959dba71432696_p19,RECOVERABLE — synth queue (will get auto-fixed in next session),REASONING,direction_sense,RSN_DIR,A square sheet of paper is folded along the dotted line successively along the directions shown and is then punched in t,,chsl/Tier 2/SSC-CHSL-Exam-2023-Tier-II-Official-Paper-Held-On_-10-Jan-2024-Shift-1-Eng.pdf
SSC-CHSL-Exam-2023-Tier-II-Official-Paper-Held-On_-10-Jan-2024-Shift-1-Eng.json,Ssc,56,pyq_cb959dba71432696_p26,RECOVERABLE — synth queue (will get auto-fixed in next session),UNCLASSIFIED,,GEN_UNC,"Figure A is related to Figure B in a certain way. Following the same pattern, Figure C is related to Figure D. Study the",,chsl/Tier 2/SSC-CHSL-Exam-2023-Tier-II-Official-Paper-Held-On_-10-Jan-2024-Shift-1-Eng.pdf
SSC-CHSL-T-I-Similar-Paper-Held-on-14-Nov-2025-S3-English.json,Ssc,47,pyq_52f00afc803c3b0d_p47,RECOVERABLE — synth queue (will get auto-fixed in next session),UNCLASSIFIED,,GEN_UNC,Find the figure in which the given figure is hidden (rotation not allowed). ​ A. B. C. D. Answer: C Sol: ​The correct em,,chsl/Tier 1/SSC-CHSL-T-I-Similar-Paper-Held-on-14-Nov-2025-S3-English.pdf
SSC-CHSL-T-I-Similar-Paper-Held-on-14-Nov-2025-S3-English.json,Ssc,48,pyq_52f00afc803c3b0d_p48,RECOVERABLE — synth queue (will get auto-fixed in next session),COMPUTER,fundamentals,CMP_FUND,"Which diagram best represents the relationship among: Teachers, Men, Women A. B. C. D. Answer: A Sol: Given: Teachers, M",,chsl/Tier 1/SSC-CHSL-T-I-Similar-Paper-Held-on-14-Nov-2025-S3-English.pdf
SSC-CHSL-T-I-Similar-Paper-Held-on-14-Nov-2025-S3-English.json,Ssc,50,pyq_52f00afc803c3b0d_p50,RECOVERABLE — synth queue (will get auto-fixed in next session),UNCLASSIFIED,,GEN_UNC,A paper is folded twice and punched. How will it appear when unfolded? ​ A. B. C. D. Answer: C Sol: ​After unfolding the,,chsl/Tier 1/SSC-CHSL-T-I-Similar-Paper-Held-on-14-Nov-2025-S3-English.pdf
SSC-CHSL-T-I-Similar-Paper-Held-on-14-Nov-2025-S3-English.json,Ssc,57,pyq_52f00afc803c3b0d_p57,RECOVERABLE — synth queue (will get auto-fixed in next session),UNCLASSIFIED,,GEN_UNC,"If cos θ = ​ and θ lies in Quadrant IV, then find the value of sin θ. A. ​ B. ​ C. ​ D. ​ Answer: B Sol: ​ ​ ​ 25 7 ​ 25",,chsl/Tier 1/SSC-CHSL-T-I-Similar-Paper-Held-on-14-Nov-2025-S3-English.pdf
SSC-CHSL-T-I-Similar-Paper-Held-on-14-Nov-2025-S3-English.json,Ssc,59,pyq_52f00afc803c3b0d_p59,RECOVERABLE — synth queue (will get auto-fixed in next session),QUANT,profit_loss_discount,QNT_PLD,"A, B, and C started a business. A invested Rs. 80,000, B invested Rs. 50,000, and C invested Rs. 70,000. After 6 months,",,chsl/Tier 1/SSC-CHSL-T-I-Similar-Paper-Held-on-14-Nov-2025-S3-English.pdf
SSC-CHSL-Tier-II-Exam-2024-Official-Paper-Held-On_-18-Nov-2024-Eng.json,Ssc,4,pyq_bb5ff5dc6c3ee0da_p5,RECOVERABLE — synth queue (will get auto-fixed in next session),UNCLASSIFIED,,GEN_UNC,"A sum on simple interest at the rate of 5% per annum amounts to ₹4,160 in 6 years. Find the sum.",,chsl/Tier 2/SSC-CHSL-Tier-II-Exam-2024-Official-Paper-Held-On_-18-Nov-2024-Eng.pdf
SSC-CHSL-Tier-II-Exam-2024-Official-Paper-Held-On_-18-Nov-2024-Eng.json,Ssc,17,pyq_bb5ff5dc6c3ee0da_p20,RECOVERABLE — synth queue (will get auto-fixed in next session),QUANT,mensuration_2d,QNT_MENS_2D,The surface area of a cube is 1728 cm 2 . Find its volume.,,chsl/Tier 2/SSC-CHSL-Tier-II-Exam-2024-Official-Paper-Held-On_-18-Nov-2024-Eng.pdf
SSC-CHSL-Tier-II-Exam-2024-Official-Paper-Held-On_-18-Nov-2024-Eng.json,Ssc,24,pyq_bb5ff5dc6c3ee0da_p27,RECOVERABLE — synth queue (will get auto-fixed in next session),QUANT,probability,QNT_PROB,A die is cast twice and a coin is tossed thrice. Find the probability that the die will turn a 5 each time and the coin ,,chsl/Tier 2/SSC-CHSL-Tier-II-Exam-2024-Official-Paper-Held-On_-18-Nov-2024-Eng.pdf
SSC-CHSL-Tier-II-Exam-2024-Official-Paper-Held-On_-18-Nov-2024-Eng.json,Ssc,26,pyq_bb5ff5dc6c3ee0da_p29,RECOVERABLE — synth queue (will get auto-fixed in next session),DATA_INTERPRETATION,pie_chart,DI_PIE,"The numbers of Commerce, Science and Arts postgraduates working in a company are 40, 80 and 60, respectively. If these f",,chsl/Tier 2/SSC-CHSL-Tier-II-Exam-2024-Official-Paper-Held-On_-18-Nov-2024-Eng.pdf
SSC-CHSL-Tier-II-Exam-2024-Official-Paper-Held-On_-18-Nov-2024-Eng.json,Ssc,34,pyq_bb5ff5dc6c3ee0da_p7,RECOVERABLE — synth queue (will get auto-fixed in next session),UNCLASSIFIED,,GEN_UNC,Select the figure from the options that can replace the question mark (?) and complete the given series.,,chsl/Tier 2/SSC-CHSL-Tier-II-Exam-2024-Official-Paper-Held-On_-18-Nov-2024-Eng.pdf
SSC-CHSL-Tier-II-Exam-2024-Official-Paper-Held-On_-18-Nov-2024-Eng.json,Ssc,42,pyq_bb5ff5dc6c3ee0da_p15,RECOVERABLE — synth queue (will get auto-fixed in next session),UNCLASSIFIED,,GEN_UNC,Select the option that is related to Figure C in the same way as Figure B is related to Figure A.,,chsl/Tier 2/SSC-CHSL-Tier-II-Exam-2024-Official-Paper-Held-On_-18-Nov-2024-Eng.pdf
SSC-CHSL-Tier-II-Exam-2024-Official-Paper-Held-On_-18-Nov-2024-Eng.json,Ssc,48,pyq_bb5ff5dc6c3ee0da_p21,RECOVERABLE — synth queue (will get auto-fixed in next session),UNCLASSIFIED,,GEN_UNC,The sequence of folding a piece of paper and the manner in which the folded paper has been cut is shown below. Select th,,chsl/Tier 2/SSC-CHSL-Tier-II-Exam-2024-Official-Paper-Held-On_-18-Nov-2024-Eng.pdf
SSC-CHSL-Tier-II-Exam-2024-Official-Paper-Held-On_-18-Nov-2024-Eng.json,Ssc,51,pyq_bb5ff5dc6c3ee0da_p24,RECOVERABLE — synth queue (will get auto-fixed in next session),UNCLASSIFIED,,GEN_UNC,"Four figure pairs have been given, out of which three are alike in a certain way and thus form a group. Which is the one",,chsl/Tier 2/SSC-CHSL-Tier-II-Exam-2024-Official-Paper-Held-On_-18-Nov-2024-Eng.pdf
SSC-CHSL-Tier-II-Exam-2024-Official-Paper-Held-On_-18-Nov-2024-Eng.json,Ssc,57,pyq_bb5ff5dc6c3ee0da_p30,RECOVERABLE — synth queue (will get auto-fixed in next session),UNCLASSIFIED,,GEN_UNC,"Four figure pairs have been given, out of which three are alike in a certain way and thus form a group. Which is the one",,chsl/Tier 2/SSC-CHSL-Tier-II-Exam-2024-Official-Paper-Held-On_-18-Nov-2024-Eng.pdf
SSC-CHSL-Tier-II-Exam-2024-Official-Paper-Held-On_-18-Nov-2024-Eng.json,Ssc,77,pyq_bb5ff5dc6c3ee0da_p20,RECOVERABLE — synth queue (will get auto-fixed in next session),ENGLISH,cloze_test,ENG_CLOZE,Select the most appropriate option to fill in the blank. The rising rate of inflation is making life very hard for _____,,chsl/Tier 2/SSC-CHSL-Tier-II-Exam-2024-Official-Paper-Held-On_-18-Nov-2024-Eng.pdf
rrb-ntpc-2025-graduate-level-cbt-1-question-paper-and-answer-key-pdf-english-mar-16-2026-shift-1-1775545008.json,Rrb,26,pyq_737440f4cba0bfd4_p26,RECOVERABLE — synth queue (will get auto-fixed in next session),QUANT,time_speed_distance,QNT_TSD,"If the speed of the stream is 3 km/h, what is the speed of the boat in still water?",,RRB/NTPC/CBT 1/rrb-ntpc-2025-graduate-level-cbt-1-question-paper-and-answer-key-pdf-english-mar-16-2026-shift-1-1775545008.pdf
rrb-ntpc-2025-graduate-level-cbt-1-question-paper-and-answer-key-pdf-english-mar-17-2026-shift-1-1775545007.json,Rrb,18,pyq_2c30063e86e16a79_p18,RECOVERABLE — synth queue (will get auto-fixed in next session),UNCLASSIFIED,,GEN_UNC,"A and B, when each is working alone, can complete a piece of work in. respectively, 20 days and 25 days. Each work on al",,RRB/NTPC/CBT 1/rrb-ntpc-2025-graduate-level-cbt-1-question-paper-and-answer-key-pdf-english-mar-17-2026-shift-1-1775545007.pdf
rrb-ntpc-2025-graduate-level-cbt-1-question-paper-and-answer-key-pdf-english-mar-17-2026-shift-1-1775545007.json,Rrb,100,pyq_2c30063e86e16a79_p100,RECOVERABLE — synth queue (will get auto-fixed in next session),UNCLASSIFIED,,GEN_UNC,"If a : b : c = 3 : 4 : 5 and 2a - 3b + 4c = 56, then the value of c is:",,RRB/NTPC/CBT 1/rrb-ntpc-2025-graduate-level-cbt-1-question-paper-and-answer-key-pdf-english-mar-17-2026-shift-1-1775545007.pdf
shift_1_fce7751def644359e4839a240f87638e_1f4b9c9200b318e00c8c96da115acc09.json,Shift,5,pyq_a30008082fae9163_p5,RECOVERABLE — synth queue (will get auto-fixed in next session),UNCLASSIFIED,,GEN_UNC,desktop computers? 1. Microsoft Word,,RRB/NTPC/CBT 1/shift_1_fce7751def644359e4839a240f87638e_1f4b9c9200b318e00c8c96da115acc09.pdf
shift_1_fce7751def644359e4839a240f87638e_1f4b9c9200b318e00c8c96da115acc09.json,Shift,9,pyq_a30008082fae9163_p9,RECOVERABLE — synth queue (will get auto-fixed in next session),UNCLASSIFIED,,GEN_UNC,both roots common.,,RRB/NTPC/CBT 1/shift_1_fce7751def644359e4839a240f87638e_1f4b9c9200b318e00c8c96da115acc09.pdf
shift_1_fce7751def644359e4839a240f87638e_1f4b9c9200b318e00c8c96da115acc09.json,Shift,84,pyq_a30008082fae9163_p84,RECOVERABLE — synth queue (will get auto-fixed in next session),QUANT,number_system,QNT_NUM,"If the ratio of two numbers is 5 : 3 and the product of their LCM and their HCF is 135, then the sum of the reciprocals ",,RRB/NTPC/CBT 1/shift_1_fce7751def644359e4839a240f87638e_1f4b9c9200b318e00c8c96da115acc09.pdf
shift_1_fce7751def644359e4839a240f87638e_1f4b9c9200b318e00c8c96da115acc09.json,Shift,93,pyq_a30008082fae9163_p93,RECOVERABLE — synth queue (will get auto-fixed in next session),UNCLASSIFIED,,GEN_UNC,"What is the purpose of the Slide Master in MS PowerPoint? 1. To apply consistent formatting, fonts, and layouts to all s",,RRB/NTPC/CBT 1/shift_1_fce7751def644359e4839a240f87638e_1f4b9c9200b318e00c8c96da115acc09.pdf
shift_2_87eebacc0ea6a3ce47f71371578d5b93.json,Shift,6,pyq_2093d3b48bd82696_p6,RECOVERABLE — synth queue (will get auto-fixed in next session),COMPUTER,fundamentals,CMP_FUND,What is the primary function of the CPU in a computer system? 1. Connect input and output devices,,RRB/NTPC/CBT 1/shift_2_87eebacc0ea6a3ce47f71371578d5b93.pdf
shift_2_87eebacc0ea6a3ce47f71371578d5b93.json,Shift,24,pyq_2093d3b48bd82696_p24,RECOVERABLE — synth queue (will get auto-fixed in next session),QUANT,average,QNT_AVG,"Marks in statistics of 12 students are x, 28, 35, 56, 78, 63, 65, 81, 79, 83, 80, y, where x and y are the lowest and hi",,RRB/NTPC/CBT 1/shift_2_87eebacc0ea6a3ce47f71371578d5b93.pdf
shift_2_87eebacc0ea6a3ce47f71371578d5b93.json,Shift,28,pyq_2093d3b48bd82696_p28,RECOVERABLE — synth queue (will get auto-fixed in next session),UNCLASSIFIED,,GEN_UNC,(2x +3) 2 − (x + 1) 2 . 1. 3x 2 + 10x + 8,,RRB/NTPC/CBT 1/shift_2_87eebacc0ea6a3ce47f71371578d5b93.pdf
shift_2_87eebacc0ea6a3ce47f71371578d5b93.json,Shift,37,pyq_2093d3b48bd82696_p37,RECOVERABLE — synth queue (will get auto-fixed in next session),UNCLASSIFIED,,GEN_UNC,"Two pipes, A and B, can fill a tank of 3700 litres in 9 hours and 6 hours, respectively. If they are opened together, ho",,RRB/NTPC/CBT 1/shift_2_87eebacc0ea6a3ce47f71371578d5b93.pdf
shift_2_87eebacc0ea6a3ce47f71371578d5b93.json,Shift,52,pyq_2093d3b48bd82696_p52,RECOVERABLE — synth queue (will get auto-fixed in next session),UNCLASSIFIED,,GEN_UNC,1. To type documents,,RRB/NTPC/CBT 1/shift_2_87eebacc0ea6a3ce47f71371578d5b93.pdf
shift_2_87eebacc0ea6a3ce47f71371578d5b93.json,Shift,61,pyq_2093d3b48bd82696_p61,RECOVERABLE — synth queue (will get auto-fixed in next session),UNCLASSIFIED,,GEN_UNC,What is the main purpose of cache memory in a computer? 1. To serve as virtual memory,,RRB/NTPC/CBT 1/shift_2_87eebacc0ea6a3ce47f71371578d5b93.pdf
shift_3_aad70c83bc645c3cb2120a546c3410f3.json,Shift,5,pyq_3516292f1c1015fe_p5,RECOVERABLE — synth queue (will get auto-fixed in next session),UNCLASSIFIED,,GEN_UNC,"Two pipes, A and B, can fill a tank of 7800 litres in 12 hours and 10 hours, respectively. If they are opened together, ",,RRB/NTPC/CBT 1/shift_3_aad70c83bc645c3cb2120a546c3410f3.pdf
shift_3_aad70c83bc645c3cb2120a546c3410f3.json,Shift,10,pyq_3516292f1c1015fe_p10,RECOVERABLE — synth queue (will get auto-fixed in next session),QUANT,number_system,QNT_NUM,"If the ratio of two numbers is 17 : 6 and the product of their LCM and their HCF is 102, then the sum of the reciprocals",,RRB/NTPC/CBT 1/shift_3_aad70c83bc645c3cb2120a546c3410f3.pdf
shift_3_aad70c83bc645c3cb2120a546c3410f3.json,Shift,53,pyq_3516292f1c1015fe_p53,RECOVERABLE — synth queue (will get auto-fixed in next session),COMPUTER,fundamentals,CMP_FUND,What type of memory is used to store data temporarily while a computer is running? 1. RAM,,RRB/NTPC/CBT 1/shift_3_aad70c83bc645c3cb2120a546c3410f3.pdf
shift_3_aad70c83bc645c3cb2120a546c3410f3.json,Shift,79,pyq_3516292f1c1015fe_p79,RECOVERABLE — synth queue (will get auto-fixed in next session),UNCLASSIFIED,,GEN_UNC,"version (e.g., MS PowerPoint 2021) in an older version (e.g., MS PowerPoint 2010)? 1. The file will be automatically con",,RRB/NTPC/CBT 1/shift_3_aad70c83bc645c3cb2120a546c3410f3.pdf
shift_4_16d196edd0f32cea8a8b5b6da0fc0d7d.json,Shift,19,pyq_0842d9a4b71dd07f_p19,RECOVERABLE — synth queue (will get auto-fixed in next session),UNCLASSIFIED,,GEN_UNC,Windows? 1. - (hyphen),,RRB/NTPC/CBT 1/shift_4_16d196edd0f32cea8a8b5b6da0fc0d7d.pdf
shift_4_16d196edd0f32cea8a8b5b6da0fc0d7d.json,Shift,27,pyq_0842d9a4b71dd07f_p27,RECOVERABLE — synth queue (will get auto-fixed in next session),UNCLASSIFIED,,GEN_UNC,"A and B can do a job in 25 days and 18 days, respectively. A works alone for 4 days and leaves. The number of days requi",,RRB/NTPC/CBT 1/shift_4_16d196edd0f32cea8a8b5b6da0fc0d7d.pdf
shift_4_16d196edd0f32cea8a8b5b6da0fc0d7d.json,Shift,66,pyq_0842d9a4b71dd07f_p66,RECOVERABLE — synth queue (will get auto-fixed in next session),UNCLASSIFIED,,GEN_UNC,Which of the following is the correct way to start a new blank presentation in MS PowerPoint? 1. Press Ctrl + N,,RRB/NTPC/CBT 1/shift_4_16d196edd0f32cea8a8b5b6da0fc0d7d.pdf
shift_4_16d196edd0f32cea8a8b5b6da0fc0d7d.json,Shift,68,pyq_0842d9a4b71dd07f_p68,RECOVERABLE — synth queue (will get auto-fixed in next session),UNCLASSIFIED,,GEN_UNC,cube with an edge of 8 cm.,,RRB/NTPC/CBT 1/shift_4_16d196edd0f32cea8a8b5b6da0fc0d7d.pdf
shift_4_16d196edd0f32cea8a8b5b6da0fc0d7d.json,Shift,69,pyq_0842d9a4b71dd07f_p69,RECOVERABLE — synth queue (will get auto-fixed in next session),UNCLASSIFIED,,GEN_UNC,"During which dynasty did the Mongols, led by Qultlug Khwaja, besiege Delhi and inflict significant damage? 1. Khalji Dyn",,RRB/NTPC/CBT 1/shift_4_16d196edd0f32cea8a8b5b6da0fc0d7d.pdf
shift_4_16d196edd0f32cea8a8b5b6da0fc0d7d.json,Shift,96,pyq_0842d9a4b71dd07f_p96,RECOVERABLE — synth queue (will get auto-fixed in next session),QUANT,percentage,QNT_PCT,"If the selling price of a bed is 2-times of initial, then the profit is 11-times of initial. Find the initial profit per",,RRB/NTPC/CBT 1/shift_4_16d196edd0f32cea8a8b5b6da0fc0d7d.pdf
